證券代號,證券名稱,成交股數,成交金額,開盤價,最高價,最低價,收盤價,漲跌價差,成交筆數
"0050","元大台灣50","16610000","2011424900","119.80","121.45","119.80","120.95","2.8000","11631"
"0051","元大中型100","25000","1366450","54.50","54.85","54.35","54.75","0.9500","23"
"0052","富邦科技","321000","32052300","98.65","100.40","98.65","99.40","2.3500","173"
"0053","元大電子","8000","459500","57.30","57.70","57.30","57.70","1.7000","5"
"0055","元大MSCI金融","319000","7535500","23.68","23.68","23.56","23.58","0.1700","181"
"0056","元大高股息","22018000","632857530","28.52","28.92","28.50","28.86","0.7600","11189"
"0057","富邦摩台","22000","1859650","84.00","84.65","84.00","84.55","1.9500","4"
"0061","元大寶滬深","150000","3148310","20.82","21.12","20.82","20.97","0.2300","88"
"006203","元大MSCI台灣","7000","408150","58.00","58.65","58.00","58.50","1.4000","7"
"006204","永豐臺灣加權","20000","1574600","78.60","78.90","78.60","78.75","1.7000","8"
"006205","富邦上証","1038000","36262380","34.55","35.11","34.55","34.77","0.4100","365"
"006206","元大上證50","195000","6613190","33.50","34.04","33.50","33.84","0.6900","97"
"006207","FH滬深","162000","4505620","27.72","27.97","27.65","27.68","0.2100","45"
"006208","富邦台50","3118000","217399950","69.00","70.00","69.00","69.50","1.5000","2175"
"00625K","富邦上証+R","","","","","","","0.0000",""
"00631L","元大台灣50正2","10515000","1136556350","107.00","109.10","106.75","107.95","3.9500","2510"
"00632R","元大台灣50反1","277391000","1593760120","5.79","5.79","5.72","5.75","-0.1200","11143"
"00633L","富邦上証正2","11697000","579692990","48.69","50.25","48.60","49.06","1.2400","2731"
"00634R","富邦上証反1","1279000","5209340","4.12","4.12","4.04","4.09","-0.0600","157"
"00635U","期元大S&P黃金","682000","16503250","24.12","24.23","24.12","24.21","0.1500","110"
"00636","國泰中國A50","1658000","39943460","23.85","24.22","23.85","23.96","0.3100","526"
"00636K","國泰中國A50+U","200","1634","8.17","8.17","8.17","8.17","0.1800","2"
"00637L","元大滬深300正2","110037000","2156606740","19.32","19.90","19.23","19.44","0.5100","14704"
"00638R","元大滬深300反1","1499000","12903300","8.63","8.70","8.55","8.63","-0.1700","288"
"00639","富邦深100","1399000","20975840","14.73","15.06","14.73","14.92","0.2100","305"
"00640L","富邦日本正2","325000","8595740","26.16","26.60","26.16","26.47","0.4800","115"
"00641R","富邦日本反1","474000","4871470","10.24","10.32","10.24","10.28","-0.1000","88"
"00642U","期元大S&P石油","2096000","44620830","20.99","21.45","20.99","21.28","0.5000","560"
"00643","群益深証中小","263000","4615840","17.44","17.68","17.44","17.54","0.2700","107"
"00643K","群益深証中小+R","","","","","","","0.0000",""
"00645","富邦日本","137000","3423690","24.88","25.03","24.88","24.99","0.2100","51"
"00646","元大S&P500","1003000","35861630","35.60","35.93","35.58","35.75","0.6400","420"
"00647L","元大S&P500正2","1244000","66475750","52.90","53.85","52.85","53.40","2.2000","236"
"00648R","元大S&P500反1","5900000","44578400","7.60","7.60","7.51","7.53","-0.1900","457"
"00650L","FH香港正2","6220000","111840880","17.49","18.32","17.39","18.00","0.8700","1123"
"00651R","FH香港反1","1248000","9938030","8.16","8.16","7.90","7.96","-0.2100","161"
"00652","富邦印度","168000","4466820","26.49","26.69","26.48","26.57","0.3200","104"
"00653L","富邦印度正2","566000","20419900","35.50","36.28","35.50","35.95","0.7500","186"
"00654R","富邦印度反1","579000","5176450","8.97","9.00","8.91","8.96","-0.1600","91"
"00655L","國泰中國A50正2","4891000","175415690","35.23","36.43","35.20","35.57","0.9900","1184"
"00656R","國泰中國A50反1","515000","3965320","7.79","7.79","7.65","7.73","-0.1300","118"
"00657","國泰日經225","44000","1370700","31.15","31.20","31.14","31.20","0.4600","4"
"00657K","國泰日經225+U","200","2108","10.54","10.54","10.54","10.54","0.2200","2"
"00660","元大歐洲50","126000","3266440","25.85","26.00","25.85","25.92","0.5200","13"
"00661","元大日經225","10000","333390","33.22","33.48","33.22","33.48","0.5600","4"
"00662","富邦NASDAQ","663000","30659190","46.02","46.47","46.01","46.19","0.9100","336"
"00663L","國泰臺灣加權正2","659000","65207650","97.35","99.35","97.35","98.45","3.8000","54"
"00664R","國泰臺灣加權反1","31235000","203050910","6.55","6.55","6.47","6.52","-0.1200","1157"
"00665L","富邦恒生國企正2","8076000","98859070","11.80","12.56","11.80","12.23","0.5800","1268"
"00666R","富邦恒生國企反1","252000","3391920","13.61","13.62","13.38","13.54","-0.3600","29"
"00668","國泰美國道瓊","81000","2739500","33.76","33.95","33.73","33.82","0.4900","32"
"00668K","國泰美國道瓊+U","200","2290","11.45","11.45","11.45","11.45","0.2700","2"
"00669R","國泰美國道瓊反1","6790000","57709940","8.55","8.55","8.46","8.49","-0.1900","663"
"00670L","富邦NASDAQ正2","5100000","329532700","64.10","65.40","64.00","64.80","3.1500","1308"
"00671R","富邦NASDAQ反1","40860000","254299590","6.27","6.27","6.18","6.22","-0.1800","1818"
"00673R","期元大S&P原油反1","57007000","434340150","7.78","7.78","7.57","7.61","-0.1800","4869"
"00674R","期元大S&P黃金反1","476000","6088590","12.80","12.83","12.77","12.78","-0.1100","124"
"00675L","富邦臺灣加權正2","2425000","103612110","42.15","43.03","42.11","42.54","1.5800","676"
"00676R","富邦臺灣加權反1","25194000","89605220","3.59","3.59","3.54","3.56","-0.0800","744"
"00678","群益NBI生技","397000","9206040","23.16","23.23","23.11","23.20","0.2300","35"
"00680L","元大美債20正2","769000","10952450","14.37","14.37","14.14","14.15","-0.5800","191"
"00681R","元大美債20反1","83000","1418600","16.92","17.13","16.92","17.13","0.2800","47"
"00682U","期元大美元指數","58000","1186320","20.44","20.49","20.44","20.45","-0.0500","20"
"00683L","期元大美元指正2","633000","13664820","21.61","21.64","21.56","21.56","-0.1300","109"
"00684R","期元大美元指反1","10000","163500","16.35","16.35","16.35","16.35","-0.0100","2"
"00685L","群益臺灣加權正2","21000","790040","37.36","37.93","37.36","37.80","1.6000","11"
"00686R","群益臺灣加權反1","206000","796000","3.88","3.88","3.85","3.87","-0.0700","43"
"00688L","國泰20年美債正2","471000","6688150","14.32","14.33","14.06","14.10","-0.5500","82"
"00689R","國泰20年美債反1","14000","248660","17.68","17.79","17.68","17.79","0.2700","10"
"00690","兆豐藍籌30","107000","3127400","29.15","29.36","29.14","29.14","0.4400","9"
"00692","富邦公司治理","2428000","75524090","30.82","31.22","30.82","31.01","0.5900","1498"
"00693U","期街口S&P黃豆","263000","6676050","25.22","25.50","25.22","25.47","0.2500","100"
"00700","富邦恒生國企","500000","7311510","14.35","14.75","14.35","14.57","0.3200","102"
"00701","國泰股利精選30","868000","21376730","24.57","24.67","24.55","24.58","0.2000","420"
"00702","國泰標普低波高息","123000","2610330","21.20","21.25","21.20","21.23","0.3200","9"
"00703","台新MSCI中國","159000","2850890","17.57","18.10","17.54","17.77","0.3400","62"
"00706L","期元大S&P日圓正2","1973000","20549870","10.43","10.45","10.39","10.39","-0.0300","278"
"00707R","期元大S&P日圓反1","","","","","","","0.0000",""
"00708L","期元大S&P黃金正2","785000","20688290","26.21","26.44","26.20","26.44","0.3200","201"
"00709","富邦歐洲","114000","2383420","20.89","20.93","20.87","20.88","0.4100","15"
"00710B","FH彭博非投等債","444000","7562010","17.05","17.06","17.00","17.02","0.0100","79"
"00711B","FH彭博新興債","221000","3494330","15.89","15.89","15.81","15.81","-0.0800","25"
"00712","FH富時不動產","3063000","34246190","11.20","11.22","11.15","11.20","0.2300","1055"
"00713","元大台灣高息低波","421000","17493330","41.64","41.64","41.43","41.52","0.2800","178"
"00714","群益道瓊美國地產","618000","12371140","20.04","20.04","19.98","20.02","0.3100","329"
"00715L","期街口布蘭特正2","13054000","291372200","21.71","22.72","21.71","22.34","0.8700","2328"
"00717","富邦美國特別股","296000","4388350","14.81","14.88","14.80","14.84","0.1200","144"
"00728","第一金工業30","304000","7073850","23.09","23.40","23.09","23.25","0.4100","170"
"00730","富邦臺灣優質高息","254000","4434010","17.46","17.49","17.36","17.47","0.3000","233"
"00731","FH富時高息低波","1045000","61351150","58.45","58.80","58.45","58.75","0.4500","48"
"00732","國泰RMB短期報酬","100000","4093000","40.93","40.93","40.93","40.93","-0.1400","4"
"00733","富邦臺灣中小","294000","10279940","34.79","35.10","34.73","34.98","0.7900","114"
"00735","國泰臺韓科技","108000","2776440","25.60","25.76","25.60","25.76","0.6600","10"
"00736","國泰新興市場","104000","2073770","19.96","19.99","19.87","19.87","0.2300","7"
"00737","國泰AI+Robo","514000","13266030","25.65","25.89","25.65","25.82","0.5100","72"
"00738U","期元大道瓊白銀","740000","16017130","21.43","21.72","21.42","21.70","0.3100","104"
"00739","元大MSCI A股","100000","2613030","26.00","26.30","25.99","26.02","0.2700","58"
"00743","國泰中國A150","8000","215110","26.90","26.98","26.83","26.98","0.4800","4"
"00752","中信中國50","8397000","175237940","20.40","21.11","20.39","20.78","0.5200","1932"
"00753L","中信中國50正2","12624000","206728680","15.90","16.76","15.90","16.33","0.7600","2474"
"00757","統一FANG+","1297000","49456220","38.00","38.39","37.80","38.15","1.2300","562"
"00762","元大全球AI","558000","18409640","32.79","33.12","32.79","32.95","1.0200","94"
"00763U","期街口道瓊銅","48000","1172700","24.29","24.53","24.29","24.43","0.0100","22"
"00770","國泰北美科技","145000","4257870","29.32","29.53","29.28","29.36","0.7400","19"
"00771","元大US高息特別股","25000","413150","16.51","16.54","16.51","16.52","0.1100","17"
"00774B","新光中國政金綠債","3000","123600","41.30","41.30","41.15","41.15","-0.1500","3"
"00774C","新光中政金綠債+R","","","","","","","0.0000",""
"00775B","新光投等債15+","51000","1720160","33.72","33.76","33.72","33.73","-0.2600","10"
"00783","富邦中証500","338000","7463210","21.86","22.17","21.86","21.96","0.1000","35"
"008201","BP上證50","200","22140","110.35","111.05","110.35","111.05","2.7500","2"
"00830","國泰費城半導體","7410000","173437510","23.36","23.55","23.27","23.46","0.7000","1966"
"00850","元大臺灣ESG永續","933000","29312400","31.26","31.54","31.24","31.33","0.5200","587"
"00851","台新全球AI","12000","306600","25.45","25.69","25.43","25.61","0.8000","12"
"00852L","國泰美國道瓊正2","2038000","36013320","17.56","17.82","17.56","17.72","0.6600","402"
"00861","元大全球未來通訊","841000","22521760","26.57","26.87","26.57","26.74","0.3900","167"
"00865B","國泰US短期公債","105000","4046670","38.57","38.57","38.50","38.50","-0.1600","8"
"00875","國泰網路資安","284000","7476900","26.22","26.43","26.21","26.33","0.5700","90"
"00876","元大全球5G","3532000","87870890","24.55","24.92","24.55","24.83","0.6000","662"
"00878","國泰永續高股息","27431000","472706500","17.22","17.28","17.19","17.21","0.1500","8639"
"00881","國泰台灣5G+","11935000","176246620","14.63","14.84","14.63","14.73","0.2800","4155"
"00882","中信中國高股息","4349000","58179620","13.34","13.43","13.34","13.38","0.1000","1251"
"00885","富邦越南","17250000","238281700","13.80","13.86","13.76","13.85","0.0800","3978"
"00891","中信關鍵半導體","11809000","145191000","12.15","12.38","12.15","12.28","0.3200","2970"
"00892","富邦台灣半導體","8843000","104812690","11.73","11.95","11.73","11.84","0.3200","2197"
"00893","國泰智能電動車","23814000","319232600","13.36","13.50","13.36","13.39","0.2900","5220"
"00894","中信小資高價30","1918000","23168930","11.90","12.16","11.90","12.06","0.3200","369"
"00895","富邦未來車","4609000","62898100","13.56","13.72","13.55","13.66","0.3400","1203"
"00896","中信綠能及電動車","1375000","18499170","13.33","13.51","13.33","13.44","0.2200","439"
"00897","富邦基因免疫生技","3313000","31279220","9.43","9.48","9.40","9.44","0.1100","497"
"00898","國泰基因免疫革命","1947000","14321300","7.37","7.39","7.33","7.33","0.0700","398"
"00899","FT潔淨能源","577000","12171460","21.17","21.17","21.03","21.06","-0.0500","115"
"00900","富邦特選高股息30","9299000","117099320","12.60","12.63","12.56","12.56","0.1200","1694"
"00901","永豐智能車供應鏈","749000","9321950","12.32","12.52","12.32","12.43","0.2600","265"
"00902","中信電池及儲能","12387000","181352780","14.51","14.75","14.51","14.61","0.2300","2930"
"00903","富邦元宇宙","10566000","110522300","10.40","10.52","10.35","10.47","0.3200","1592"
"00904","新光臺灣半導體30","1990000","23362800","11.60","11.82","11.60","11.74","0.3200","361"
"00905","FT臺灣Smart","1733000","15742240","9.02","9.12","9.02","9.07","0.1900","308"
"00906","大華元宇宙科技50","460000","4498270","9.80","9.80","9.77","9.77","0.1700","52"
"00907","永豐優息存股","2098000","31641980","15.03","15.10","15.03","15.06","0.1400","369"
"00908","富邦入息REITs+","834000","12185440","14.62","14.63","14.59","14.59","0.1400","133"
"00911","兆豐洲際半導體","6237000","92506400","14.85","14.91","14.70","14.77","-0.2200","1215"
"01001T","土銀富邦R1","9000","149810","16.65","16.65","16.62","16.62","-0.0300","8"
"01002T","土銀國泰R1","46000","807510","17.56","17.59","17.55","17.55","-0.0100","12"
"01003T","兆豐新光R1","2000","39590","19.70","19.89","19.70","19.89","0.0000","2"
"01004T","土銀富邦R2","3000","46950","15.65","15.65","15.65","15.65","0.0000","1"
"01007T","兆豐國泰R2","33000","605480","18.49","18.50","18.24","18.26","0.0000","12"
"01009T","王道圓滿R1","11000","98250","8.90","8.95","8.90","8.95","0.0500","4"
"01010T","京城樂富R1","170000","1744320","10.26","10.27","10.25","10.25","-0.0100","10"
"020000","富邦特選蘋果N","45000","280800","6.24","6.24","6.24","6.24","0.0000","1"
"020002","元富新中國N","6000","87650","14.50","14.73","14.50","14.57","0.3500","4"
"020007","凱基臺灣500N","1000","31200","31.20","31.20","31.20","31.20","0.0000","1"
"020011","統一微波高息20N","","","","","","","0.0000",""
"020012","富邦行動通訊N","","","","","","","0.0000",""
"020015","統一MSCI美低波N","","","","","","","0.0000",""
"020016","統一MSCI美科技N","","","","","","","0.0000",""
"020018","統一價值成長30N","2000","29350","14.65","14.70","14.65","14.70","0.0000","2"
"020019","統一特選台灣5GN","5000","60350","12.07","12.07","12.07","12.07","0.2800","1"
"02001L","富邦蘋果正二N","126000","1016190","7.97","8.12","7.97","8.11","0.3800","9"
"02001R","富邦蘋果反一N","","","","","","","0.0000",""
"020020","元大台股領航N","126000","825940","6.46","6.57","6.46","6.55","0.1200","31"
"020022","元大電動車N","291000","1410960","4.79","4.87","4.79","4.86","0.0800","52"
"020028","元大特選電動車N","134000","628270","4.61","4.70","4.61","4.69","0.0800","39"
"020029","元大ESG高股息N","257000","1182600","4.54","4.62","4.54","4.58","0.0400","63"
"020030","統一智慧電動車N","284000","1120090","3.93","3.96","3.93","3.94","0.0900","31"
"020031","統一IC設計臺灣N","543000","2049840","3.69","3.81","3.69","3.76","0.1100","110"
"020032","元大綠能N","240000","1094810","4.53","4.58","4.53","4.57","0.0600","69"
"020034","元大IC設計N","889000","3796510","4.15","4.32","4.15","4.27","0.1700","120"
"1101","台泥","15979000","638185600","40.00","40.25","39.75","39.80","0.3000","5171"
"1101B","台泥乙特","32000","1644800","51.30","51.50","51.30","51.50","0.0000","4"
"1102","亞泥","3927000","172966300","43.95","44.20","43.75","44.00","0.4000","2006"
"1103","嘉泥","334000","6158850","18.40","18.55","18.35","18.45","0.0500","157"
"1104","環泥","688000","15205850","22.05","22.15","22.00","22.10","0.1000","364"
"1108","幸福","147000","1605850","10.95","11.00","10.85","10.95","0.1500","87"
"1109","信大","169000","3408350","20.05","20.30","20.00","20.10","0.1000","104"
"1110","東泥","683000","13722250","20.15","20.30","19.90","20.05","0.0500","183"
"1201","味全","306000","6295300","20.50","20.65","20.50","20.60","0.2000","181"
"1203","味王","46000","1598800","35.20","35.25","34.40","34.50","0.4500","43"
"1210","大成","869000","41628900","47.70","48.20","47.70","47.80","0.1000","554"
"1213","大飲","19000","144880","7.60","7.85","7.42","7.69","0.1200","15"
"1215","卜蜂","327000","26679100","81.90","81.90","81.30","81.50","-0.2000","255"
"1216","統一","7909000","529921400","66.80","67.50","66.60","66.60","0.2000","3106"
"1217","愛之味","1273000","13655750","10.60","10.80","10.60","10.80","0.2500","539"
"1218","泰山","607000","18850650","30.75","31.30","30.75","31.05","0.5000","332"
"1219","福壽","1901000","40876150","21.35","21.70","21.30","21.45","0.5500","698"
"1220","台榮","507000","8384700","16.40","16.65","16.40","16.50","0.3500","245"
"1225","福懋油","82000","4186700","50.50","51.40","50.50","50.80","0.6000","63"
"1227","佳格","887000","41296450","46.65","46.90","46.25","46.70","0.5000","626"
"1229","聯華","1017000","58346500","57.50","57.90","56.80","57.10","0.2000","713"
"1231","聯華食","502000","44697500","90.00","90.00","87.80","88.20","-1.7000","406"
"1232","大統益","147000","22957500","157.50","157.50","155.00","155.00","0.0000","138"
"1233","天仁","18000","611250","33.45","34.10","33.45","34.10","0.7500","14"
"1234","黑松","109000","3805450","34.90","35.05","34.75","34.75","-0.0500","85"
"1235","興泰","18000","1053300","56.20","58.70","56.20","58.40","1.9000","11"
"1236","宏亞","543000","14642600","26.50","27.40","26.45","26.95","0.5000","297"
"1256","鮮活果汁-KY","8000","2272500","283.50","285.00","283.00","284.00","5.5000","8"
"1301","台塑","6494000","711912500","109.50","110.00","109.00","109.50","0.5000","2779"
"1303","南亞","8936000","760192000","85.30","85.60","84.70","84.70","0.0000","3468"
"1304","台聚","1644000","42521400","25.65","26.00","25.65","25.95","0.6500","891"
"1305","華夏","846000","26932050","31.70","31.95","31.60","31.90","0.5500","581"
"1307","三芳","183000","3741900","20.50","20.50","20.30","20.50","0.1000","100"
"1308","亞聚","1306000","38323150","29.30","29.45","29.15","29.40","0.5000","678"
"1309","台達化","523000","15389950","29.15","29.70","29.00","29.60","0.7000","336"
"1310","台苯","1985000","30368650","15.15","15.45","15.10","15.25","0.1000","423"
"1312","國喬","2920000","67651150","22.95","23.30","22.95","23.20","0.4500","1323"
"1312A","國喬特","","","","","","","0.0000",""
"1313","聯成","1794000","29808600","16.45","16.85","16.40","16.85","0.5500","799"
"1314","中石化","14378000","143792550","9.91","10.10","9.91","10.00","0.0000","3526"
"1315","達新","78000","5922800","76.20","76.50","75.30","75.90","-0.3000","44"
"1316","上曜","1591000","26119000","16.25","16.55","16.25","16.45","0.3500","635"
"1319","東陽","12432000","571456600","46.25","46.75","45.05","46.25","1.7000","7247"
"1321","大洋","96000","3167500","32.95","33.15","32.90","33.00","0.1500","69"
"1323","永裕","79000","2658050","33.85","33.85","33.50","33.65","-0.2000","55"
"1324","地球","17000","181750","10.65","10.75","10.65","10.75","0.1000","14"
"1325","恆大","288000","8512950","29.05","29.85","29.00","29.85","1.1500","212"
"1326","台化","11534000","941803400","81.60","81.90","81.50","81.50","0.1000","2928"
"1337","再生-KY","367000","2358180","6.41","6.46","6.39","6.39","-0.0300","147"
"1338","廣華-KY","747000","43985700","59.00","59.50","58.30","58.80","0.1000","466"
"1339","昭輝","1336000","57421800","43.00","43.45","42.20","43.15","0.4500","938"
"1340","勝悅-KY","72000","742800","10.35","10.40","10.25","10.35","0.0000","36"
"1341","富林-KY","5000","373400","74.70","74.90","74.50","74.90","0.1000","5"
"1342","八貫","93000","6300500","67.70","68.20","67.40","67.60","0.0000","86"
"1402","遠東新","7017000","221512250","31.50","31.70","31.40","31.70","0.4000","2005"
"1409","新纖","1152000","21637700","18.75","18.85","18.70","18.80","0.2000","465"
"1410","南染","28000","999150","35.55","35.90","35.45","35.45","0.0000","28"
"1413","宏洲","288000","2851220","9.80","10.00","9.80","10.00","0.2800","78"
"1414","東和","160000","2793650","17.40","17.55","17.35","17.55","0.2000","88"
"1416","廣豐","77000","811600","10.55","10.65","10.45","10.60","0.1500","56"
"1417","嘉裕","106000","1133300","10.70","10.75","10.65","10.75","0.1500","38"
"1418","東華","48000","795000","16.45","17.20","16.40","16.80","0.3500","24"
"1419","新紡","244000","10214250","41.90","41.95","41.75","41.80","-0.1000","100"
"1423","利華","18000","355000","19.80","19.80","19.65","19.70","0.0500","14"
"1432","大魯閣","836000","10177000","11.50","12.40","11.40","12.40","1.1000","441"
"1434","福懋","1288000","35083350","27.05","27.35","27.05","27.15","0.1000","723"
"1435","中福","62000","3754800","61.50","63.00","58.10","59.10","0.6000","53"
"1436","華友聯","142000","9374200","65.90","66.20","65.70","66.00","0.4000","90"
"1437","勤益控","108000","2644950","24.25","24.75","24.25","24.55","0.0000","72"
"1438","三地開發","59000","1876450","31.10","32.10","31.10","32.05","0.7500","49"
"1439","中和","55000","1111350","20.00","20.50","20.00","20.00","0.1000","26"
"1440","南紡","2276000","45981300","20.10","20.40","20.00","20.30","0.4000","813"
"1441","大東","69000","560680","8.23","8.23","8.09","8.18","0.0700","46"
"1442","名軒","126000","2854500","22.50","22.80","22.20","22.80","0.3000","87"
"1443","立益","64000","1039750","16.35","16.40","16.15","16.20","0.1500","32"
"1444","力麗","989000","10325750","10.40","10.50","10.40","10.45","0.1500","376"
"1445","大宇","32000","490650","15.15","15.50","15.15","15.45","0.0000","24"
"1446","宏和","61000","2006800","32.80","33.05","32.60","33.00","0.1000","50"
"1447","力鵬","1352000","10981220","8.10","8.16","8.08","8.11","0.0700","493"
"1449","佳和","78000","800700","10.15","10.35","10.10","10.25","0.2000","38"
"1451","年興","557000","13332300","23.65","24.10","23.65","23.95","0.5000","293"
"1452","宏益","103000","2245550","21.80","21.90","21.65","21.90","0.3000","78"
"1453","大將","3698000","80628050","21.25","22.55","20.85","21.35","0.6000","2109"
"1454","台富","249000","3483000","13.85","14.15","13.70","14.00","0.2500","108"
"1455","集盛","947000","11317150","11.90","12.05","11.80","12.00","0.3000","415"
"1456","怡華","44000","718350","16.25","16.50","16.25","16.25","0.0000","37"
"1457","宜進","391000","7247950","18.65","18.70","18.45","18.50","0.0500","174"
"1459","聯發","246000","2505700","10.20","10.25","10.10","10.15","0.1000","121"
"1460","宏遠","489000","3769810","7.68","7.74","7.68","7.70","0.0300","165"
"1463","強盛","84000","1173800","13.90","14.10","13.90","14.00","0.1000","34"
"1464","得力","258000","3571250","13.85","13.90","13.75","13.90","0.1500","144"
"1465","偉全","20000","258700","12.85","13.00","12.85","12.95","0.1000","17"
"1466","聚隆","126000","1625400","12.80","13.05","12.75","12.90","0.1500","47"
"1467","南緯","1150000","15409200","13.35","13.55","13.25","13.25","-0.1000","252"
"1468","昶和","48000","609600","12.65","12.80","12.60","12.75","0.1500","36"
"1470","大統新創","339000","7883750","22.70","23.65","22.00","23.65","2.1500","244"
"1471","首利","1955000","15652260","7.88","8.44","7.73","8.18","0.1800","740"
"1472","三洋實業","15000","368100","24.65","24.65","24.35","24.35","0.6500","10"
"1473","台南","263000","5097150","19.20","19.55","19.10","19.20","0.1000","125"
"1474","弘裕","75000","935500","12.40","12.50","12.40","12.45","0.1000","37"
"1475","業旺","43000","2508500","59.30","59.30","57.90","58.50","0.0000","33"
"1476","儒鴻","554000","268814500","485.50","489.50","477.50","483.00","10.0000","469"
"1477","聚陽","1205000","195823000","163.50","164.00","161.00","163.50","1.0000","1010"
"1503","士電","799000","50411600","63.80","63.80","62.60","62.60","0.0000","569"
"1504","東元","8217000","239761150","29.80","29.85","28.90","28.95","-0.8500","3684"
"1506","正道","326000","5403150","16.30","16.85","16.30","16.60","0.4500","143"
"1512","瑞利","80000","280110","3.51","3.51","3.50","3.50","-0.0100","30"
"1513","中興電","66821000","3637432700","54.50","55.80","52.70","54.90","1.1000","33448"
"1514","亞力","3363000","96208800","28.90","28.90","28.30","28.80","0.1500","1652"
"1515","力山","590000","17136250","29.40","29.60","28.80","29.05","0.1500","394"
"1516","川飛","411000","9911250","23.75","24.40","23.60","24.30","0.8500","252"
"1517","利奇","4555000","106907600","22.10","23.70","22.10","23.70","2.1500","2045"
"1519","華城","1056000","37599400","36.10","36.10","35.25","35.50","-0.1000","736"
"1521","大億","45000","1628050","35.90","36.80","35.90","36.15","0.6500","45"
"1522","堤維西","14870000","427305700","28.45","29.15","28.15","28.95","0.6500","6658"
"1522A","堤維西甲特","2000","89000","44.50","44.50","44.50","44.50","0.0000","2"
"1524","耿鼎","38271000","783510200","20.20","21.00","19.90","20.65","0.5500","13695"
"1525","江申","37000","2222200","60.00","61.00","59.70","59.80","0.8000","28"
"1526","日馳","521000","24707950","46.75","47.75","46.75","47.55","1.3000","263"
"1527","鑽全","666000","31096400","46.00","47.00","46.00","46.70","0.8500","363"
"1528","恩德","226000","2172700","9.60","9.67","9.57","9.60","0.0600","98"
"1529","樂士","715000","13974200","19.80","19.80","19.35","19.50","0.1000","388"
"1530","亞崴","46000","1436400","31.20","31.35","31.00","31.10","0.1000","28"
"1531","高林股","72000","1066350","14.65","14.90","14.65","14.85","0.3000","49"
"1532","勤美","232000","7529450","32.60","32.60","32.20","32.55","0.2000","157"
"1533","車王電","1938000","120537900","61.10","63.20","61.10","62.60","2.6000","1311"
"1535","中宇","69000","2905800","41.80","42.30","41.80","42.10","0.3000","44"
"1536","和大","1423000","95331100","66.70","67.50","66.50","67.20","0.8000","1015"
"1537","廣隆","48000","6545500","136.50","137.00","136.00","136.50","0.0000","39"
"1538","正峰","","","","","","","0.0000",""
"1539","巨庭","2619000","71176000","26.65","27.70","26.35","27.30","1.0000","1316"
"1540","喬福","223000","3478800","15.45","15.70","15.45","15.70","0.3000","145"
"1541","錩泰","318000","14157300","44.25","45.50","43.80","43.90","0.2000","271"
"1558","伸興","52000","7222500","138.00","139.50","138.00","139.50","1.5000","35"
"1560","中砂","30024000","4752211000","154.00","163.00","152.00","160.00","8.0000","17506"
"1568","倉佑","2623000","65184900","24.40","25.45","24.35","25.10","0.8500","1416"
"1582","信錦","122000","8280700","68.40","68.40","67.60","68.00","0.0000","88"
"1583","程泰","20000","1180600","58.60","59.30","58.60","59.00","1.0000","20"
"1587","吉茂","150000","3656400","24.40","24.50","24.20","24.30","0.3500","87"
"1589","永冠-KY","667000","38750800","58.80","59.00","57.30","57.80","-0.3000","395"
"1590","亞德客-KY","1136000","1196205000","1045.00","1080.00","1020.00","1060.00","35.0000","870"
"1597","直得","72000","5607600","77.70","78.20","77.20","78.10","2.2000","66"
"1598","岱宇","724000","27632850","36.45","38.80","36.20","38.80","0.0000","479"
"1603","華電","196000","5647200","28.90","29.10","28.60","28.75","-0.1500","111"
"1604","聲寶","774000","23609300","30.55","30.80","30.30","30.55","0.1500","314"
"1605","華新","49974000","1882100700","37.60","38.50","37.20","37.45","0.4500","18735"
"1608","華榮","696000","12567450","17.95","18.20","17.95","18.10","0.3500","318"
"1609","大亞","17698000","451898500","25.35","25.90","25.20","25.65","0.6000","8788"
"1611","中電","18124000","377917400","20.05","21.30","20.00","20.80","1.0500","7334"
"1612","宏泰","2056000","46304200","22.10","22.80","22.10","22.65","0.7000","1002"
"1614","三洋電","262000","9940250","37.50","38.05","37.50","38.00","0.5000","155"
"1615","大山","20000","666050","32.80","33.85","32.80","33.35","0.5500","18"
"1616","億泰","214000","1918170","8.91","9.19","8.85","9.00","0.4000","106"
"1617","榮星","67000","1071450","16.00","16.10","15.95","16.00","0.1000","31"
"1618","合機","280000","3733700","13.30","13.45","13.30","13.30","0.2000","91"
"1626","艾美特-KY","190000","3417150","17.90","18.25","17.80","17.80","-0.2500","125"
"1701","中化","715000","15863200","22.50","22.50","22.05","22.10","-0.0500","393"
"1702","南僑","359000","16671950","46.50","46.70","46.25","46.25","-0.2000","241"
"1707","葡萄王","154000","20717500","135.00","135.50","134.00","135.00","0.5000","126"
"1708","東鹼","6044000","294769650","48.65","49.25","48.25","48.75","1.6500","3420"
"1709","和益","1132000","27862650","24.50","24.75","24.50","24.65","0.4500","571"
"1710","東聯","944000","18303600","19.40","19.60","19.25","19.25","0.0500","577"
"1711","永光","1076000","22481650","20.60","21.00","20.60","20.90","0.4000","624"
"1712","興農","859000","27466350","31.95","32.15","31.85","31.95","0.3500","603"
"1713","國化","110000","2653500","24.10","24.30","24.10","24.10","0.1500","44"
"1714","和桐","1423000","13262600","9.19","9.37","9.19","9.34","0.1700","531"
"1717","長興","3022000","100847650","32.90","33.65","32.90","33.40","0.7000","1567"
"1718","中纖","2444000","20064880","8.15","8.24","8.15","8.20","0.1200","771"
"1720","生達","1048000","47123600","45.10","45.50","44.35","45.20","0.3000","649"
"1721","三晃","1815000","32695400","17.60","18.25","17.45","18.20","1.0000","911"
"1722","台肥","2942000","192692700","65.90","66.00","65.20","65.40","-0.3000","2093"
"1723","中碳","716000","85803500","119.50","120.50","119.00","119.50","2.0000","481"
"1725","元禎","22000","482800","21.80","22.00","21.80","22.00","0.6000","21"
"1726","永記","25000","1816400","72.60","72.70","72.60","72.60","0.5000","25"
"1727","中華化","770000","27265600","35.00","35.80","34.75","35.40","1.1500","495"
"1730","花仙子","23000","1361000","58.90","60.00","58.90","60.00","1.1000","18"
"1731","美吾華","805000","15377650","19.10","19.20","19.05","19.05","0.0000","352"
"1732","毛寶","993000","29553600","30.00","30.10","29.20","29.95","0.9500","541"
"1733","五鼎","282000","7342500","25.95","26.15","25.85","26.05","0.2000","192"
"1734","杏輝","2461000","73473900","30.10","30.30","29.25","30.10","0.1000","1502"
"1735","日勝化","25000","383100","15.35","15.40","15.15","15.15","-0.1500","20"
"1736","喬山","467000","26423800","55.90","57.00","55.90","57.00","2.0000","337"
"1737","臺鹽","167000","5545000","33.30","33.35","33.00","33.30","0.2000","101"
"1752","南光","64000","2382500","37.20","37.50","37.05","37.15","0.1000","50"
"1760","寶齡富錦","6667000","706782500","108.50","109.50","102.50","107.00","0.0000","4320"
"1762","中化生","328000","17894200","54.30","55.20","54.00","54.50","0.5000","234"
"1773","勝一","930000","193726000","207.50","209.50","206.00","209.50","4.0000","625"
"1776","展宇","36000","714200","19.95","20.00","19.55","19.70","0.2500","20"
"1783","和康生","334000","13705600","40.80","41.40","40.50","40.85","0.5000","256"
"1786","科妍","41000","1720450","42.20","42.40","41.60","41.70","-0.1500","35"
"1789","神隆","1376000","35251450","26.15","26.15","25.35","25.60","-0.3000","779"
"1795","美時","18222000","2697043000","146.50","151.50","142.50","151.50","6.5000","12073"
"1802","台玻","8944000","187777350","20.55","21.15","20.55","21.10","0.8500","3135"
"1805","寶徠","20000","227000","11.40","11.45","11.20","11.45","0.0500","14"
"1806","冠軍","535000","5997250","11.20","11.30","11.15","11.20","0.1500","177"
"1808","潤隆","141000","9729600","69.00","69.80","68.30","68.70","-0.3000","107"
"1809","中釉","238000","2858800","12.00","12.05","11.90","12.05","0.2500","107"
"1810","和成","219000","2642300","12.00","12.15","12.00","12.05","0.1000","125"
"1817","凱撒衛","59000","2067800","34.85","35.20","34.85","35.15","0.3500","46"
"1903","士紙","105000","6197100","58.90","59.50","58.50","58.50","0.0000","82"
"1904","正隆","4400000","131789350","29.85","30.05","29.80","29.95","0.2000","1582"
"1905","華紙","1824000","35414300","19.20","19.60","19.20","19.30","0.2500","837"
"1906","寶隆","1685000","34844650","20.60","20.85","20.45","20.80","0.4500","305"
"1907","永豐餘","1229000","32880650","26.75","26.95","26.60","26.80","0.1000","733"
"1909","榮成","2161000","37939100","17.45","17.65","17.45","17.60","0.3500","792"
"2002","中鋼","39682000","1172142650","29.25","29.65","29.25","29.45","0.4500","13011"
"2002A","中鋼特","34000","1733000","51.10","51.10","50.80","51.00","0.0000","30"
"2006","東和鋼鐵","2979000","161755600","53.70","55.00","53.60","54.20","0.7000","1452"
"2007","燁興","1160000","15290700","12.90","13.30","12.85","13.30","0.6000","522"
"2008","高興昌","70000","1203300","17.40","17.40","17.00","17.10","0.1500","49"
"2009","第一銅","1173000","34341350","28.70","29.55","28.70","29.50","0.9500","681"
"2010","春源","517000","8905900","17.05","17.35","17.05","17.20","0.3500","339"
"2012","春雨","164000","4443300","26.80","27.25","26.80","26.90","0.4500","108"
"2013","中鋼構","336000","18664900","54.70","56.00","54.70","55.70","0.9000","264"
"2014","中鴻","9649000","273953900","27.95","28.75","27.70","28.50","1.0000","4157"
"2015","豐興","374000","26809500","72.10","72.20","71.10","71.40","0.0000","315"
"2017","官田鋼","643000","8995600","13.90","14.10","13.65","14.00","0.3000","308"
"2020","美亞","448000","10267300","22.85","23.15","22.65","22.90","0.5500","229"
"2022","聚亨","1035000","9208010","8.73","8.95","8.73","8.91","0.2300","445"
"2023","燁輝","3419000","60827250","17.55","17.90","17.55","17.80","0.5000","1441"
"2024","志聯","78000","1461450","18.40","18.95","18.40","18.70","0.3500","54"
"2025","千興","145000","804100","5.50","5.65","5.50","5.58","0.0800","46"
"2027","大成鋼","8141000","293210600","35.25","36.35","35.25","36.25","1.2500","3540"
"2028","威致","814000","22658750","27.40","28.15","27.40","27.85","0.7500","461"
"2029","盛餘","706000","19541000","27.55","27.80","27.35","27.70","0.5000","309"
"2030","彰源","2013000","50624850","25.20","25.40","24.80","25.25","0.6500","1016"
"2031","新光鋼","2005000","83711550","40.80","42.10","40.80","41.90","1.3500","1263"
"2032","新鋼","430000","9614200","22.30","22.50","22.10","22.30","0.6500","309"
"2033","佳大","192000","3189150","16.25","16.85","16.25","16.60","0.3500","132"
"2034","允強","870000","23935500","27.45","27.70","27.30","27.65","0.5000","481"
"2038","海光","683000","14992350","21.85","22.10","21.60","21.95","0.7000","450"
"2049","上銀","5692000","1448980000","252.50","259.50","247.50","257.50","9.5000","4167"
"2059","川湖","202000","84572000","414.00","423.50","413.50","418.50","9.0000","141"
"2062","橋椿","114000","2786450","24.30","24.60","24.20","24.40","0.1500","99"
"2069","運錩","714000","16380650","22.65","23.10","22.60","22.95","0.6500","376"
"2101","南港","452000","17583450","39.05","39.15","38.60","38.60","-0.3500","335"
"2102","泰豐","635000","12960900","20.35","20.55","20.30","20.50","0.3000","314"
"2103","台橡","1521000","47891350","31.75","31.80","31.20","31.30","-0.0500","1107"
"2104","國際中橡","1755000","35155200","20.15","20.25","19.90","19.95","0.1000","647"
"2105","正新","3889000","138723950","35.80","35.85","35.50","35.70","0.2500","1563"
"2106","建大","2019000","65356050","32.20","32.65","32.10","32.25","0.2500","886"
"2107","厚生","318000","6857650","21.60","21.70","21.45","21.50","0.0000","183"
"2108","南帝","803000","36925450","45.20","46.25","45.20","46.20","1.3500","559"
"2109","華豐","125000","1887200","14.90","15.25","14.90","15.00","0.2000","71"
"2114","鑫永銓","223000","27400500","123.00","123.50","122.00","122.50","-0.5000","108"
"2115","六暉-KY","32000","1121700","35.15","35.60","34.90","35.00","0.4500","29"
"2201","裕隆","22298000","1101592450","50.00","50.40","48.20","50.20","0.2000","10122"
"2204","中華","679000","43648400","64.50","64.60","64.00","64.20","0.1000","482"
"2206","三陽工業","14949000","528155250","35.75","35.80","34.60","35.25","-0.4000","6888"
"2207","和泰車","431000","271347000","629.00","632.00","626.00","629.00","10.0000","317"
"2208","台船","1509000","27894850","18.25","18.60","18.25","18.50","0.5000","670"
"2211","長榮鋼","453000","27556400","60.60","61.20","60.30","61.00","0.8000","266"
"2227","裕日車","92000","22276000","239.50","244.50","237.50","240.00","0.0000","86"
"2228","劍麟","125000","8474600","67.10","68.60","67.10","67.80","0.7000","88"
"2231","為升","200000","28248000","140.50","142.00","139.50","142.00","5.5000","180"
"2233","宇隆","762000","94244000","122.50","124.50","122.50","124.50","2.0000","603"
"2236","百達-KY","37000","949000","25.65","25.75","25.55","25.70","0.3500","26"
"2239","英利-KY","59000","3407700","56.70","58.30","56.60","57.50","0.8000","52"
"2241","艾姆勒","116000","4066350","34.85","35.30","34.80","34.95","0.6500","88"
"2243","宏旭-KY","117000","1938100","16.30","16.85","16.30","16.60","0.4000","75"
"2247","汎德永業","42000","8817500","209.50","210.50","209.50","210.50","2.5000","41"
"2250","IKKA-KY","25000","2208300","88.00","88.90","87.50","88.50","0.6000","23"
"2301","光寶科","7834000","447155800","57.90","58.20","56.60","56.90","0.1000","5029"
"2302","麗正","10261000","200622050","19.05","20.00","18.75","19.70","1.1000","4199"
"2303","聯電","89166000","3816587050","42.60","43.30","42.40","42.90","1.3000","28072"
"2305","全友","9457000","158370000","16.40","17.30","16.20","17.25","0.9000","3398"
"2308","台達電","6037000","1437047000","239.00","240.50","236.50","236.50","-2.5000","3385"
"2312","金寶","8666000","117907000","13.55","13.70","13.50","13.65","0.2500","2247"
"2313","華通","11730000","547322400","46.75","47.10","46.30","46.50","0.3000","5822"
"2314","台揚","3653000","207807600","56.30","57.90","55.60","56.60","1.6000","2144"
"2316","楠梓電","243000","7152850","29.25","29.60","29.25","29.40","0.2000","138"
"2317","鴻海","25904000","2887559500","111.00","112.00","111.00","111.00","1.0000","9135"
"2321","東訊","3000","17490","5.95","5.95","5.77","5.77","-0.1800","3"
"2323","中環","6891000","56626810","8.15","8.28","8.14","8.22","0.1400","1711"
"2324","仁寶","10528000","240846300","22.95","23.05","22.70","22.80","0.0500","3456"
"2327","國巨","2794000","943166000","333.00","341.50","332.50","341.50","13.5000","1779"
"2328","廣宇","3907000","151132350","38.50","39.00","38.25","38.70","0.9000","2118"
"2329","華泰","1425000","25049850","17.35","17.70","17.35","17.60","0.5000","641"
"2330","台積電","37856000","18963977500","496.00","506.00","495.50","498.50","12.0000","18230"
"2331","精英","8290000","181258500","21.50","22.45","21.40","21.60","0.4000","3381"
"2332","友訊","710000","10676250","14.95","15.10","14.95","15.10","0.3500","320"
"2337","旺宏","5695000","208875850","36.40","37.00","36.25","36.80","0.8000","2891"
"2338","光罩","4354000","349442300","78.70","81.50","78.50","80.80","4.4000","2691"
"2340","台亞","13646000","668440650","49.05","49.45","48.50","48.65","-0.1500","7346"
"2342","茂矽","1680000","70389000","41.20","42.40","41.20","42.15","1.7000","1101"
"2344","華邦電","12489000","295334550","23.55","23.80","23.40","23.75","0.7000","5048"
"2345","智邦","3085000","763832000","246.00","251.00","243.00","245.50","3.0000","2413"
"2347","聯強","4011000","220894300","55.10","55.50","54.50","55.00","0.7000","2151"
"2348","海悅","66000","6258600","94.80","95.60","94.10","94.30","-0.2000","61"
"2348A","海悅甲特","","","","","","","0.0000",""
"2349","錸德","1295000","10535490","8.14","8.20","8.05","8.20","0.1900","388"
"2351","順德","1386000","193452500","137.50","141.50","137.50","139.00","4.5000","1021"
"2352","佳世達","2903000","84981900","29.15","29.40","29.15","29.25","0.3500","1721"
"2353","宏碁","15287000","400340700","26.10","26.40","26.05","26.10","0.1000","3598"
"2354","鴻準","2651000","141870900","53.30","53.80","52.80","53.60","0.9000","1683"
"2355","敬鵬","1021000","30969550","30.50","30.70","30.10","30.15","0.1500","523"
"2356","英業達","4506000","114559500","25.30","25.50","25.25","25.40","0.2500","1936"
"2357","華碩","1833000","602178500","328.50","330.50","326.50","328.50","2.5000","1296"
"2358","廷鑫","394000","6846050","17.25","17.45","17.20","17.45","0.5500","222"
"2359","所羅門","4518000","113763600","25.05","25.50","24.95","25.10","0.7000","2060"
"2360","致茂","735000","119850000","161.50","164.00","161.50","163.50","3.0000","530"
"2362","藍天","1053000","34195200","31.95","32.85","31.95","32.25","0.7500","518"
"2363","矽統","2078000","43337100","20.80","21.00","20.65","20.85","0.5500","982"
"2364","倫飛","1508000","50764350","33.30","34.35","31.60","34.35","3.1000","910"
"2365","昆盈","382000","3894400","10.25","10.30","10.10","10.25","0.1500","133"
"2367","燿華","2287000","40548150","17.70","17.90","17.55","17.65","0.2000","845"
"2368","金像電","17818000","1508273400","82.80","86.50","81.60","85.50","0.0000","9855"
"2369","菱生","1225000","21684950","17.45","17.85","17.40","17.75","0.6500","697"
"2371","大同","4697000","160825850","34.20","34.45","34.05","34.05","0.0000","1890"
"2373","震旦行","78000","7036500","90.10","90.80","88.20","89.00","-0.9000","64"
"2374","佳能","768000","18082550","23.35","23.75","23.30","23.60","0.4500","449"
"2375","凱美","489000","28068200","57.60","57.70","57.00","57.50","1.5000","351"
"2376","技嘉","2488000","236849100","95.10","95.60","94.60","95.30","1.2000","1777"
"2377","微星","3163000","398394000","127.00","128.00","124.50","125.50","-1.5000","2120"
"2379","瑞昱","3440000","1343155500","385.50","399.00","381.50","388.00","13.0000","2556"
"2380","虹光","238000","2382960","9.86","10.15","9.86","9.96","0.0800","107"
"2382","廣達","4292000","347314800","80.90","81.20","80.40","80.80","0.4000","2037"
"2383","台光電","1769000","346724500","190.00","200.00","190.00","194.50","7.5000","1415"
"2385","群光","1207000","93587600","78.00","78.30","77.30","77.30","0.0000","802"
"2387","精元","327000","11824300","35.65","36.45","35.65","36.40","1.1500","210"
"2388","威盛","14855000","801284800","54.00","54.60","52.70","54.60","4.9000","7938"
"2390","云辰","1349000","23377850","17.45","17.50","17.10","17.45","0.1500","624"
"2392","正崴","461000","16019600","34.80","34.95","34.50","34.80","0.2000","320"
"2393","億光","1385000","59208400","42.30","43.10","42.30","42.80","1.0000","890"
"2395","研華","648000","229041500","346.50","355.00","346.50","354.00","8.0000","496"
"2397","友通","46000","2812000","60.70","61.30","60.70","61.00","-0.1000","39"
"2399","映泰","889000","14132000","15.60","16.05","15.55","15.95","0.7000","404"
"2401","凌陽","2652000","81493050","30.25","31.00","30.20","30.85","1.2500","1498"
"2402","毅嘉","255000","3910550","15.30","15.45","15.25","15.25","0.1500","152"
"2404","漢唐","1275000","217186500","170.50","172.00","169.50","169.50","0.5000","886"
"2405","浩鑫","3687000","47773400","12.75","13.15","12.65","13.00","0.5000","1358"
"2406","國碩","6419000","142960200","22.50","22.60","22.00","22.25","0.2500","2789"
"2408","南亞科","6153000","366553100","59.50","59.90","59.30","59.80","0.9000","3232"
"2409","友達","48627000","807313150","16.15","16.90","16.05","16.75","0.6500","10629"
"2412","中華電","9360000","1209907000","129.50","130.00","128.50","128.50","-0.5000","3188"
"2413","環科","169000","3343600","19.65","20.00","19.60","20.00","0.4500","86"
"2414","精技","88000","2895400","32.80","33.20","32.70","32.90","0.6000","75"
"2415","錩新","97000","3233600","33.30","33.55","33.05","33.35","0.9500","65"
"2417","圓剛","429000","9865300","22.55","23.20","22.55","23.15","0.8500","264"
"2419","仲琦","303000","5670500","18.70","18.85","18.50","18.70","0.4000","175"
"2420","新巨","124000","5219400","42.00","42.25","41.95","42.00","0.2000","101"
"2421","建準","638000","23207100","36.00","36.65","36.00","36.30","0.3000","382"
"2423","固緯","247000","6501350","26.10","26.55","26.00","26.55","0.6500","184"
"2424","隴華","3000","63800","20.50","21.65","20.50","21.65","1.5500","3"
"2425","承啟","2259000","68508600","30.40","30.55","30.10","30.45","0.1000","862"
"2426","鼎元","566000","11663150","20.25","20.70","20.25","20.65","0.5000","304"
"2427","三商電","2506000","33646200","13.25","13.55","13.20","13.50","0.5000","827"
"2428","興勤","607000","79953500","132.00","133.00","130.50","132.00","2.5000","365"
"2429","銘旺科","90000","1347400","15.65","15.65","14.55","14.95","-0.8000","78"
"2430","燦坤","195000","6454050","33.00","33.40","32.95","33.20","0.2000","113"
"2431","聯昌","306000","3269750","10.35","10.85","10.35","10.75","0.5500","161"
"2433","互盛電","48000","2483000","51.70","51.90","51.50","51.60","0.0000","43"
"2434","統懋","70000","2287500","32.25","33.30","32.10","32.10","-0.1000","11"
"2436","偉詮電","2422000","144986600","58.60","60.40","58.60","60.10","2.8000","1502"
"2438","翔耀","51000","680000","13.20","13.90","13.15","13.45","0.3500","36"
"2439","美律","535000","43079700","79.20","81.10","79.20","80.70","1.6000","437"
"2440","太空梭","96000","1222450","12.55","12.95","12.55","12.85","0.3500","69"
"2441","超豐","1164000","76060100","65.80","66.20","64.90","65.60","0.3000","936"
"2442","新美齊","360000","4537100","12.65","12.70","12.50","12.60","0.0500","185"
"2443","昶虹","51000","176250","3.50","3.50","3.45","3.50","0.0000","20"
"2444","兆勁","517000","6525450","12.55","12.75","12.50","12.65","0.2500","229"
"2449","京元電子","3959000","166973050","42.50","42.50","41.95","41.95","0.4000","2664"
"2450","神腦","178000","5663450","31.55","32.00","31.55","31.65","0.3500","140"
"2451","創見","336000","23826500","70.70","71.20","70.70","70.80","0.3000","230"
"2453","凌群","134000","3511700","25.90","26.50","25.90","26.20","0.6000","102"
"2454","聯發科","10087000","6917452000","685.00","695.00","678.00","678.00","8.0000","6829"
"2455","全新","1624000","129466000","78.20","81.00","78.00","79.90","2.4000","1128"
"2457","飛宏","4091000","153658400","37.80","37.90","37.00","37.80","0.9500","2201"
"2458","義隆","1174000","166361000","141.00","143.00","140.00","142.50","3.0000","929"
"2459","敦吉","44000","2238100","51.40","51.40","50.60","51.00","0.2000","34"
"2460","建通","173000","3486600","20.00","20.30","19.95","20.15","0.7500","131"
"2461","光群雷","530000","10166700","18.80","19.40","18.70","19.40","0.8000","251"
"2462","良得電","264000","7040300","26.45","26.85","26.45","26.85","0.8500","165"
"2464","盟立","179000","7171550","40.00","40.20","39.90","40.00","0.1000","135"
"2465","麗臺","1167000","44758800","37.20","38.80","37.20","38.50","1.8000","785"
"2466","冠西電","85000","3182400","36.30","38.00","36.30","37.05","0.7500","66"
"2467","志聖","164000","7429100","45.00","45.50","45.00","45.40","0.9500","110"
"2468","華經","15000","195300","13.00","13.05","13.00","13.05","0.0500","11"
"2471","資通","115000","3179400","27.60","27.75","27.55","27.65","0.4000","61"
"2472","立隆電","183000","10647000","58.10","58.50","57.60","58.40","1.5000","145"
"2474","可成","2859000","484746500","169.50","171.00","168.50","169.00","3.0000","1852"
"2476","鉅祥","2363000","111111450","46.75","47.50","46.20","47.45","2.4500","1143"
"2477","美隆電","244000","5905700","24.00","24.35","24.00","24.20","0.3000","100"
"2478","大毅","177000","9290800","52.40","52.90","52.10","52.20","0.4000","136"
"2480","敦陽科","157000","13426000","86.00","86.00","85.20","85.20","-0.1000","134"
"2481","強茂","6028000","419343400","68.50","70.50","68.20","70.00","3.0000","3751"
"2482","連宇","9687000","234518550","24.15","24.70","23.65","24.10","0.2000","4144"
"2483","百容","612000","16019500","26.25","26.50","25.95","25.95","0.1000","369"
"2484","希華","3110000","111792900","35.40","36.45","35.30","36.10","1.2000","1573"
"2485","兆赫","1987000","34548550","17.00","17.60","17.00","17.50","0.5500","791"
"2486","一詮","1019000","31891700","30.85","31.55","30.85","31.40","1.3000","649"
"2488","漢平","68000","1862700","27.45","27.45","27.30","27.40","0.2000","45"
"2489","瑞軒","1194000","15897900","13.30","13.40","13.20","13.35","0.2000","667"
"2491","吉祥全","141000","2099500","15.20","15.20","14.60","14.95","0.3000","79"
"2492","華新科","1071000","104167300","96.10","98.30","95.80","97.90","2.9000","912"
"2493","揚博","152000","6443550","42.15","42.75","42.00","42.10","-0.0500","113"
"2495","普安","560000","8700550","15.20","15.70","15.20","15.55","0.5000","265"
"2496","卓越","12000","549350","45.50","46.35","45.45","46.35","0.9000","11"
"2497","怡利電","5812000","486767200","81.90","85.30","81.60","84.50","4.2000","3446"
"2498","宏達電","41911000","2399803500","57.00","57.80","56.10","57.80","5.2000","17309"
"2501","國建","269000","4771950","17.75","17.80","17.60","17.70","-0.0500","151"
"2504","國產","3176000","76070550","24.15","24.15","23.85","24.10","0.2500","1156"
"2505","國揚","215000","4273250","19.85","20.00","19.75","19.80","0.3000","143"
"2506","太設","267000","2527810","9.40","9.55","9.40","9.46","0.1300","88"
"2509","全坤建","42000","640200","15.05","15.30","15.05","15.25","0.2500","33"
"2511","太子","1304000","16169150","12.40","12.55","12.15","12.30","0.0000","698"
"2514","龍邦","116000","2039500","17.45","17.70","17.40","17.60","0.2000","51"
"2515","中工","2221000","19623250","8.86","8.88","8.80","8.84","0.0900","791"
"2516","新建","80000","422030","5.23","5.29","5.23","5.28","0.0700","43"
"2520","冠德","781000","27372900","35.20","35.20","34.95","35.00","0.0500","461"
"2524","京城","2707000","96526650","35.00","36.25","35.00","35.95","1.1000","135"
"2527","宏璟","393000","10035350","25.50","25.75","25.30","25.40","0.1500","234"
"2528","皇普","41000","796600","19.50","19.50","19.35","19.40","0.1500","22"
"2530","華建","161000","2324900","14.40","14.50","14.40","14.45","0.0500","93"
"2534","宏盛","821000","21082350","25.65","25.75","25.55","25.70","0.1500","433"
"2535","達欣工","326000","9840400","30.05","30.35","30.05","30.15","0.1500","223"
"2536","宏普","158000","3394000","21.35","21.60","21.35","21.40","0.0500","71"
"2537","聯上發","961000","8770630","9.10","9.17","9.08","9.14","0.1000","294"
"2538","基泰","593000","7465250","12.50","12.65","12.50","12.55","0.1500","161"
"2539","櫻花建","335000","11129300","32.95","33.40","32.95","33.25","0.3000","131"
"2540","愛山林","286000","35762000","126.50","126.50","124.00","125.00","1.0000","81"
"2542","興富發","4037000","180059250","44.40","44.80","44.40","44.80","0.6000","1961"
"2543","皇昌","79000","702300","8.79","9.00","8.78","8.86","0.1300","54"
"2545","皇翔","671000","27872400","41.50","41.90","40.90","41.85","1.0000","403"
"2546","根基","64000","3284500","50.60","51.80","50.60","51.40","0.9000","55"
"2547","日勝生","1016000","9871340","9.70","9.76","9.64","9.64","0.0200","306"
"2548","華固","954000","85422100","88.50","90.20","88.50","89.70","1.5000","606"
"2597","潤弘","92000","10008500","109.00","110.00","107.00","108.50","-0.5000","84"
"2601","益航","12072000","120543310","9.54","10.25","9.54","10.10","0.6800","4188"
"2603","長榮","176564000","18677291000","102.00","108.50","102.00","108.50","9.8000","60575"
"2605","新興","5755000","125660000","21.60","22.10","21.40","21.90","1.1000","2953"
"2606","裕民","12933000","565812650","43.00","44.60","43.00","43.65","0.0000","7043"
"2607","榮運","8021000","245466500","29.80","31.00","29.80","30.60","1.4500","3793"
"2608","嘉里大榮","713000","29333050","40.85","41.35","40.75","41.35","1.2500","458"
"2609","陽明","100649000","8640751700","85.90","86.10","85.00","86.10","0.0000","30775"
"2610","華航","59440000","1384013450","22.90","23.55","22.90","23.30","0.9500","18921"
"2611","志信","2210000","43856550","19.50","20.10","19.40","19.85","0.8500","1237"
"2612","中航","980000","42906500","42.55","44.35","42.55","43.85","2.2500","715"
"2613","中櫃","1296000","38421600","29.00","30.00","29.00","29.60","1.4000","786"
"2614","東森","1758000","42360650","23.90","24.30","23.85","24.10","0.6500","846"
"2615","萬海","44422000","5548632000","119.50","128.00","119.50","128.00","11.5000","19021"
"2616","山隆","70000","2392400","34.00","34.25","34.00","34.10","0.4000","55"
"2617","台航","4043000","123916250","30.05","31.30","29.95","31.15","2.1000","2119"
"2618","長榮航","114087000","3572816850","31.00","31.85","30.90","31.20","0.9000","29876"
"2630","亞航","51000","881550","17.25","17.35","17.20","17.30","0.2500","41"
"2633","台灣高鐵","3052000","86211450","28.15","28.35","28.05","28.15","0.0000","1762"
"2634","漢翔","8620000","275276500","31.70","32.35","31.60","31.85","0.1000","3255"
"2636","台驊投控","9825000","925083500","90.60","96.80","90.20","96.80","8.8000","6147"
"2637","慧洋-KY","34864000","2485057500","68.60","73.40","68.50","71.20","4.4000","18746"
"2642","宅配通","702000","40125300","55.80","57.80","55.80","57.30","1.6000","490"
"2701","萬企","238000","2855150","11.95","12.05","11.95","12.05","0.1500","79"
"2702","華園","415000","11668700","27.85","28.45","27.80","28.20","0.6500","249"
"2704","國賓","266000","8552100","32.10","32.45","31.90","32.10","0.1000","176"
"2705","六福","622000","10813000","17.35","17.65","17.15","17.35","0.2500","372"
"2706","第一店","570000","8180850","14.15","14.45","14.15","14.35","0.1500","177"
"2707","晶華","394000","65454500","166.50","167.00","165.00","166.50","2.0000","327"
"2712","遠雄來","21000","763700","35.30","37.30","35.30","36.50","1.3000","21"
"2722","夏都","175000","6089950","34.00","35.15","34.00","35.00","1.5000","152"
"2723","美食-KY","2881000","323160500","114.00","115.50","109.00","115.00","3.0000","2137"
"2727","王品","286000","35399500","125.00","125.00","123.00","123.50","0.0000","217"
"2731","雄獅","636000","61464400","96.20","97.60","95.50","97.50","2.4000","449"
"2739","寒舍","79000","1796750","22.70","22.90","22.60","22.85","0.1500","47"
"2748","雲品","273000","11987400","43.00","44.45","43.00","43.80","1.4500","213"
"2753","八方雲集","772000","128390000","167.00","168.50","164.50","165.50","0.5000","572"
"2801","彰銀","5074000","90564350","17.90","17.90","17.75","17.85","0.1000","1532"
"2809","京城銀","1455000","53097400","36.25","36.60","36.10","36.60","0.3500","943"
"2812","台中銀","3028000","41757600","13.80","13.85","13.75","13.80","0.1000","1021"
"2816","旺旺保","89000","1594900","17.80","18.20","17.80","17.80","0.3000","49"
"2820","華票","811000","13784150","17.00","17.10","16.90","17.00","0.0000","507"
"2832","台產","231000","4535450","19.60","19.80","19.50","19.65","0.0500","113"
"2834","臺企銀","15181000","180369000","11.90","11.95","11.80","11.85","0.0500","4262"
"2836","高雄銀","502000","6958900","13.90","13.95","13.70","13.85","0.0500","202"
"2836A","高雄銀甲特","13000","300650","23.20","23.20","23.10","23.10","-0.0500","8"
"2838","聯邦銀","1775000","27945600","15.80","15.85","15.60","15.75","0.0500","757"
"2838A","聯邦銀甲特","163000","8372800","51.40","51.40","51.30","51.30","-0.1000","60"
"2845","遠東銀","5576000","64529500","11.65","11.70","11.50","11.50","-0.1000","2857"
"2849","安泰銀","234000","3731950","15.80","16.10","15.80","16.00","0.2500","145"
"2850","新產","239000","12553700","52.20","53.00","51.60","51.70","-0.5000","181"
"2851","中再保","799000","21089500","26.55","26.80","26.20","26.35","-0.1500","418"
"2852","第一保","162000","2576100","15.85","15.95","15.85","15.95","0.1000","97"
"2855","統一證","1160000","22138750","19.15","19.15","19.00","19.10","0.0500","535"
"2867","三商壽","3122000","22761610","7.29","7.33","7.21","7.29","0.0000","1054"
"2880","華南金","7633000","177628350","23.40","23.40","23.05","23.15","0.0000","2142"
"2881","富邦金","14452000","901021900","62.60","62.80","61.90","61.90","0.0000","4667"
"2881A","富邦特","399000","25196000","63.00","63.20","63.00","63.20","0.1000","100"
"2881B","富邦金乙特","34000","2104600","61.90","61.90","61.90","61.90","0.0000","19"
"2881C","富邦金丙特","44000","2610700","59.30","59.40","59.30","59.40","0.1000","25"
"2882","國泰金","14950000","803940700","53.80","54.20","53.50","53.50","0.1000","5341"
"2882A","國泰特","110000","6860200","62.30","62.40","62.30","62.40","0.1000","79"
"2882B","國泰金乙特","28000","1746400","62.40","62.40","62.20","62.40","0.0000","25"
"2883","開發金","30073000","460889700","15.40","15.40","15.25","15.25","0.0000","6637"
"2883B","開發金乙特","2405000","20048610","8.38","8.38","8.32","8.33","-0.0200","691"
"2884","玉山金","15152000","452214800","29.90","29.95","29.70","29.70","0.0500","4093"
"2885","元大金","53165000","1242199400","23.55","23.60","23.30","23.30","-0.1500","11344"
"2886","兆豐金","16741000","609663150","36.60","36.70","36.20","36.20","0.0500","5151"
"2887","台新金","20181000","342647550","17.10","17.10","16.85","16.85","-0.1000","6094"
"2887E","台新戊特","47000","2525600","53.70","53.80","53.70","53.80","0.2000","26"
"2887F","台新戊特二","105000","5376700","51.50","51.50","51.20","51.30","0.1000","63"
"2888","新光金","80018000","739929210","9.25","9.29","9.21","9.23","0.0600","9756"
"2888A","新光金甲特","87000","3650300","41.95","42.00","41.95","41.95","0.0000","34"
"2888B","新光金乙特","421000","17696500","42.00","42.10","41.95","42.10","0.1000","146"
"2889","國票金","7644000","120730100","15.80","15.90","15.70","15.80","0.0500","1817"
"2890","永豐金","17676000","303949850","17.30","17.30","17.05","17.10","-0.0500","4267"
"2891","中信金","24884000","654763250","26.50","26.50","26.15","26.20","-0.1000","6894"
"2891B","中信金乙特","19000","1196400","63.00","63.10","62.90","63.10","0.0000","10"
"2891C","中信金丙特","10000","613400","61.40","61.50","61.30","61.40","0.1000","8"
"2892","第一金","19869000","526315350","26.50","26.55","26.35","26.45","0.0500","3946"
"2897","王道銀行","4230000","37797840","8.93","8.98","8.90","8.92","0.0300","929"
"2897A","王道銀甲特","141000","1459300","10.30","10.35","10.30","10.35","0.0500","51"
"2901","欣欣","24000","576950","23.90","24.15","23.85","23.85","0.1500","17"
"2903","遠百","855000","17779950","20.65","21.00","20.65","20.80","0.3000","479"
"2904","匯僑","15000","334150","22.30","22.30","22.25","22.25","0.1000","11"
"2905","三商","427000","8550200","19.90","20.15","19.85","20.00","0.2000","199"
"2906","高林","2086000","39252000","18.60","19.10","18.50","18.85","0.5500","1003"
"2908","特力","144000","3166600","22.00","22.05","21.80","22.05","0.1500","93"
"2910","統領","33000","1049400","31.40","32.10","31.40","31.90","0.5000","31"
"2911","麗嬰房","33000","229900","6.91","7.00","6.91","6.99","0.0800","27"
"2912","統一超","1256000","342083000","274.00","274.00","269.00","272.00","-1.5000","918"
"2913","農林","519000","10108600","19.55","19.55","19.40","19.50","0.2000","257"
"2915","潤泰全","1885000","152040200","80.60","81.20","80.00","80.80","1.2000","1069"
"2923","鼎固-KY","314000","8771850","26.70","28.65","26.70","27.10","0.6000","146"
"2929","淘帝-KY","477000","6654150","13.95","13.95","13.95","13.95","1.2500","129"
"2939","凱羿-KY","70000","2026800","28.90","29.10","28.80","29.00","0.1000","43"
"2945","三商家購","18000","922000","51.00","51.90","51.00","51.50","0.5000","16"
"3002","歐格","225000","2853250","12.55","12.85","12.55","12.65","0.0500","145"
"3003","健和興","525000","39531200","75.60","75.60","74.70","75.50","1.5000","418"
"3004","豐達科","223000","13881900","61.90","62.90","61.50","61.90","0.4000","137"
"3005","神基","709000","30477250","42.90","43.15","42.75","43.10","0.5000","519"
"3006","晶豪科","7100000","721527500","101.00","103.00","100.50","101.50","2.0000","3717"
"3008","大立光","511000","869640000","1695.00","1715.00","1680.00","1705.00","45.0000","465"
"3010","華立","620000","55447700","88.50","90.00","88.50","90.00","0.0000","418"
"3011","今皓","1566000","30859550","18.75","20.10","18.75","19.80","1.1000","640"
"3013","晟銘電","245000","3430550","13.90","14.10","13.90","14.00","0.2500","119"
"3014","聯陽","484000","42067700","86.20","87.50","86.10","87.10","2.6000","400"
"3015","全漢","184000","6928150","37.00","37.90","37.00","37.80","0.0000","140"
"3016","嘉晶","1950000","183507700","92.10","95.20","92.10","94.30","4.3000","1485"
"3017","奇鋐","7286000","723599700","96.90","101.50","96.00","99.90","4.5000","4694"
"3018","同開","79000","951700","12.05","12.15","12.00","12.00","-0.0500","53"
"3019","亞光","757000","49939300","65.70","66.30","65.30","66.10","1.7000","578"
"3021","鴻名","55000","1134350","20.75","20.80","20.50","20.65","0.4000","36"
"3022","威強電","115000","5138550","44.40","44.90","43.95","44.70","0.8500","85"
"3023","信邦","515000","134778000","262.00","263.00","259.50","261.00","2.5000","472"
"3024","憶聲","497000","6103050","12.20","12.40","12.15","12.35","0.2000","175"
"3025","星通","153000","2806400","18.20","18.45","18.20","18.30","0.2000","85"
"3026","禾伸堂","324000","33630000","103.00","105.00","102.50","104.50","2.5000","244"
"3027","盛達","398000","7307450","17.80","18.80","17.80","18.30","0.9500","237"
"3028","增你強","585000","20433150","34.60","35.20","34.60","34.80","0.5500","338"
"3029","零壹","297000","11865500","39.80","40.10","39.80","39.95","0.2500","198"
"3030","德律","408000","24890600","61.10","61.30","60.80","61.00","0.7000","254"
"3031","佰鴻","123000","2171650","17.60","17.75","17.60","17.60","0.3000","79"
"3032","偉訓","35000","1003000","28.50","28.75","28.50","28.60","0.5000","30"
"3033","威健","1192000","34908450","29.25","29.40","29.15","29.25","0.3000","767"
"3034","聯詠","4828000","1594256500","326.50","335.00","326.00","330.00","5.0000","3467"
"3035","智原","27703000","5491277500","191.50","203.50","191.50","198.00","10.5000","16366"
"3036","文曄","2546000","174473600","68.40","69.40","67.30","68.70","1.0000","1703"
"3036A","文曄甲特","198000","9495600","47.95","48.00","47.95","48.00","0.0500","119"
"3037","欣興","29960000","5029683500","164.50","170.50","164.50","167.50","7.0000","16343"
"3038","全台","1406000","29112900","20.45","20.80","20.45","20.80","0.5500","641"
"3040","遠見","34000","1083450","31.90","32.10","31.75","32.10","0.2000","28"
"3041","揚智","841000","21320900","25.00","25.55","25.00","25.40","0.8500","506"
"3042","晶技","1630000","159648400","98.20","98.80","97.20","98.30","1.2000","1152"
"3043","科風","906000","4590380","5.04","5.10","5.00","5.00","0.0200","246"
"3044","健鼎","682000","79925500","117.50","117.50","116.50","117.00","-0.5000","418"
"3045","台灣大","4296000","472083500","110.00","110.50","109.50","109.50","-1.0000","2018"
"3046","建碁","93000","2596600","27.55","28.35","27.50","27.65","0.6000","71"
"3047","訊舟","3233000","39546150","12.10","12.40","12.00","12.35","0.3500","1141"
"3048","益登","431000","14824500","34.20","34.50","34.20","34.40","0.3500","272"
"3049","和鑫","2931000","30832650","10.35","10.65","10.35","10.55","0.3000","889"
"3050","鈺德","3274000","57021850","17.05","17.70","17.00","17.70","0.8000","944"
"3051","力特","757000","13247700","17.15","17.85","17.00","17.35","0.5500","427"
"3052","夆典","72000","737900","10.25","10.30","10.20","10.25","0.0000","44"
"3054","立萬利","33000","683500","20.85","20.85","20.50","20.80","0.0500","29"
"3055","蔚華科","40000","1088800","26.95","27.70","26.95","27.05","0.2500","36"
"3056","總太","1497000","44199200","30.00","30.00","29.20","29.65","-0.3000","779"
"3057","喬鼎","45000","560350","12.30","12.50","12.30","12.45","0.1500","30"
"3058","立德","210000","2188200","10.35","10.50","10.35","10.45","0.2000","108"
"3059","華晶科","3422000","125898150","36.35","37.20","36.30","36.95","1.3500","1788"
"3060","銘異","263000","5218450","19.60","19.90","19.60","19.80","0.4000","144"
"3062","建漢","13716000","348704300","24.10","25.95","23.90","25.60","2.0000","6133"
"3090","日電貿","249000","13193100","53.00","53.20","52.70","52.90","0.1000","172"
"3092","鴻碩","244000","11593250","46.50","47.80","46.50","47.80","1.9500","197"
"3094","聯傑","386000","10487550","26.70","27.35","26.70","27.25","1.0000","252"
"3130","一零四","16000","3156500","198.00","198.50","196.00","197.00","-0.5000","16"
"3138","耀登","351000","47415500","132.50","136.50","132.00","136.50","7.0000","302"
"3149","正達","399000","7849950","20.10","20.10","19.45","19.65","0.4000","237"
"3164","景岳","113000","2845700","24.70","25.60","24.70","25.00","0.5000","61"
"3167","大量","184000","10712200","57.90","59.30","57.70","58.20","1.0000","139"
"3189","景碩","13349000","2017332000","149.50","154.00","146.50","151.00","8.5000","7019"
"3209","全科","752000","28410100","37.50","38.00","37.50","38.00","0.9500","394"
"3229","晟鈦","30000","583300","20.25","20.25","19.30","20.00","0.0000","13"
"3231","緯創","6467000","184079600","28.75","28.75","28.30","28.45","-0.2500","3261"
"3257","虹冠電","187000","10656900","56.10","57.50","56.10","57.40","2.0000","114"
"3266","昇陽","384000","5045600","12.95","13.25","12.95","13.10","0.2000","103"
"3296","勝德","747000","12725800","16.80","17.30","16.70","17.25","0.6000","292"
"3305","昇貿","1101000","65285100","58.30","60.00","58.30","59.60","2.2000","741"
"3308","聯德","19000","274800","14.45","14.65","14.30","14.65","0.3000","10"
"3311","閎暉","54000","1786250","33.25","33.25","32.95","33.15","0.2500","44"
"3312","弘憶股","291000","6707600","23.00","23.10","23.00","23.05","0.4000","160"
"3321","同泰","171000","1715850","10.05","10.15","10.00","10.00","0.1300","67"
"3338","泰碩","201000","7897850","38.80","39.70","38.55","39.55","1.6000","158"
"3346","麗清","173000","5349250","30.65","31.15","30.60","31.05","1.1500","127"
"3356","奇偶","382000","11006200","28.55","28.95","28.55","28.80","0.6000","261"
"3376","新日興","324000","27597400","84.40","85.70","84.40","85.70","1.6000","234"
"3380","明泰","503000","13532300","26.70","27.05","26.65","27.00","0.5000","343"
"3383","新世紀","107000","750000","7.00","7.05","7.00","7.00","0.1000","33"
"3406","玉晶光","1264000","458796500","357.00","367.50","357.00","362.50","12.0000","1021"
"3413","京鼎","606000","116503500","189.00","194.00","188.50","192.50","6.0000","445"
"3416","融程電","117000","8754800","74.00","75.30","74.00","75.30","0.0000","88"
"3419","譁裕","367000","6155200","16.50","16.95","16.45","16.90","0.6500","224"
"3432","台端","26000","356800","13.65","13.80","13.65","13.70","0.2500","24"
"3437","榮創","115000","2342050","20.15","20.55","20.15","20.35","0.5000","92"
"3443","創意","3544000","1857601000","500.00","534.00","500.00","534.00","48.0000","2606"
"3450","聯鈞","124000","5463950","43.95","44.25","43.80","43.95","0.4500","101"
"3454","晶睿","73000","5694400","77.70","78.60","77.40","77.90","0.9000","53"
"3481","群創","65084000","833751250","12.50","13.00","12.45","12.80","0.5000","12691"
"3494","誠研","1778000","14679390","8.30","8.46","7.84","8.16","0.1100","653"
"3501","維熹","39000","1736750","44.35","44.85","44.20","44.50","0.1500","30"
"3504","揚明光","9509000","687527200","70.50","74.50","69.70","73.50","5.5000","6290"
"3515","華擎","546000","65660500","118.50","121.50","118.50","120.00","4.0000","433"
"3518","柏騰","243000","4620200","19.25","19.40","18.95","19.00","0.0000","186"
"3528","安馳","12000","592000","49.50","50.00","49.05","49.20","0.9000","12"
"3530","晶相光","98000","9572700","97.00","98.30","96.50","98.00","3.8000","96"
"3532","台勝科","6440000","1248335000","190.00","197.50","187.50","194.00","9.5000","4617"
"3533","嘉澤","980000","746939000","747.00","772.00","741.00","765.00","32.0000","944"
"3535","晶彩科","4167000","112579600","26.45","27.60","26.30","26.90","1.3000","2367"
"3536","誠創","17000","89850","5.30","5.30","5.10","5.25","0.0300","9"
"3543","州巧","19000","415050","21.90","22.30","21.50","21.95","0.4500","14"
"3545","敦泰","2903000","280472200","95.00","97.90","94.70","97.10","3.4000","1960"
"3550","聯穎","76000","1128650","14.80","14.95","14.75","14.85","0.1000","55"
"3557","嘉威","28000","1827900","65.10","65.50","65.10","65.30","0.3000","24"
"3563","牧德","89000","13467500","149.50","152.50","149.50","152.50","5.0000","80"
"3576","聯合再生","17882000","409718250","23.10","23.30","22.50","22.95","-0.0500","6727"
"3583","辛耘","608000","46974500","76.20","78.10","75.80","77.70","3.0000","493"
"3588","通嘉","633000","58578200","90.90","93.60","90.80","92.60","3.3000","521"
"3591","艾笛森","168000","2621150","15.45","15.75","15.45","15.60","0.3000","102"
"3592","瑞鼎","407000","156167500","381.50","386.50","380.00","383.50","6.5000","347"
"3593","力銘","47000","670400","14.45","14.45","14.10","14.40","0.1000","40"
"3596","智易","4284000","535289000","123.50","126.50","123.50","124.50","2.5000","2863"
"3605","宏致","494000","19638200","39.50","40.05","39.30","39.95","1.2500","295"
"3607","谷崧","252000","3353800","13.30","13.40","13.20","13.35","0.2000","148"
"3617","碩天","48000","3368000","68.80","70.50","68.80","70.10","0.3000","41"
"3622","洋華","2153000","75991800","34.70","36.20","34.35","35.10","1.1000","1362"
"3645","達邁","15786000","854219500","59.00","59.00","52.20","52.20","-5.8000","8047"
"3653","健策","795000","299329000","368.00","381.50","368.00","376.00","14.0000","695"
"3661","世芯-KY","4931000","3702267000","733.00","766.00","731.00","754.00","41.0000","4366"
"3665","貿聯-KY","1632000","508964000","309.00","315.00","306.00","312.00","7.0000","1281"
"3669","圓展","91000","3931750","42.40","43.45","42.40","43.45","1.1500","75"
"3673","TPK-KY","1777000","61874100","34.10","35.20","34.05","35.10","1.6000","1129"
"3679","新至陞","38000","2828400","72.70","75.70","72.70","75.70","3.0000","36"
"3682","亞太電","4396000","32529040","7.45","7.48","7.33","7.35","-0.1000","1258"
"3686","達能","976000","14025100","14.65","14.65","14.15","14.35","-0.1000","502"
"3694","海華","94000","1757100","18.50","18.80","18.50","18.55","0.2000","65"
"3701","大眾控","3688000","188760050","50.10","52.50","49.90","51.00","2.6500","2342"
"3702","大聯大","3539000","198135200","55.90","56.20","55.60","55.80","0.5000","1542"
"3702A","大聯大甲特","255000","12737850","49.95","50.00","49.95","49.95","0.0000","197"
"3703","欣陸","1576000","45608600","29.10","29.20","28.70","28.90","0.2000","676"
"3704","合勤控","967000","27323850","28.15","28.40","28.10","28.20","0.3500","589"
"3705","永信","875000","35273200","40.95","41.15","40.00","40.50","-0.3500","638"
"3706","神達","3059000","87827950","28.65","28.80","28.55","28.80","0.3500","1737"
"3708","上緯投控","16106000","2049475000","124.00","132.00","122.50","131.00","8.5000","10264"
"3711","日月光投控","16885000","1586426700","93.50","94.60","93.10","94.30","2.3000","6081"
"3712","永崴投控","487000","14967600","30.90","30.90","30.50","30.85","0.1500","339"
"3714","富采","4484000","233569300","52.10","52.50","51.50","52.10","1.1000","2516"
"4104","佳醫","304000","20652500","67.60","68.30","67.30","68.00","0.8000","200"
"4106","雃博","413000","10507050","25.25","25.75","25.15","25.45","0.2500","244"
"4108","懷特","195000","3754700","19.50","19.50","19.10","19.20","0.1000","116"
"4119","旭富","133000","11158700","84.10","84.50","83.60","83.80","0.3000","99"
"4133","亞諾法","2787000","109784450","39.30","40.30","38.25","40.20","1.6000","1622"
"4137","麗豐-KY","64000","12315000","192.00","193.50","191.50","192.50","2.5000","55"
"4142","國光生","4662000","180290000","39.40","39.45","37.80","39.35","0.7000","2655"
"4148","全宇生技-KY","209000","10615500","49.90","51.20","49.90","50.50","1.2500","163"
"4155","訊映","431000","10360700","23.95","24.25","23.90","24.00","0.3000","220"
"4164","承業醫","168000","6959000","41.70","41.70","41.15","41.40","0.2000","130"
"4190","佐登-KY","38000","2557500","67.30","67.60","67.00","67.60","0.8000","29"
"4306","炎洲","638000","9792200","15.30","15.40","15.30","15.30","0.1000","220"
"4414","如興","2252000","11641000","5.15","5.23","5.08","5.20","0.1200","601"
"4426","利勤","3016000","88340000","29.00","29.80","28.65","29.25","0.0500","1598"
"4438","廣越","38000","4192500","110.00","111.00","109.50","110.50","1.0000","30"
"4439","冠星-KY","6000","841000","139.50","141.00","139.00","141.00","3.0000","6"
"4440","宜新實業","38000","1516550","40.85","40.85","39.55","39.80","0.3000","26"
"4526","東台","126000","1846100","14.45","14.80","14.45","14.65","0.2500","94"
"4532","瑞智","488000","8493950","17.45","17.45","17.35","17.45","0.1000","224"
"4536","拓凱","83000","11201000","135.00","136.50","133.00","134.50","1.0000","76"
"4540","全球傳動","186000","8669600","47.20","47.30","46.25","46.65","1.1500","138"
"4545","銘鈺","26000","750550","28.90","28.95","28.80","28.90","0.3000","21"
"4551","智伸科","2864000","476348000","165.50","168.00","162.00","168.00","4.0000","2055"
"4552","力達-KY","41000","1190900","29.30","29.35","28.75","28.80","-0.1500","35"
"4555","氣立","91000","5214900","55.60","57.60","55.60","57.30","0.1000","43"
"4557","永新-KY","98000","7664300","78.30","79.20","77.30","77.90","0.0000","68"
"4560","強信-KY","72000","2944450","41.00","41.00","40.70","40.75","0.0500","49"
"4562","穎漢","418000","6583350","15.05","16.10","15.05","15.80","0.7500","275"
"4564","元翎","322000","10117150","30.85","31.90","30.85","31.50","1.0000","214"
"4566","時碩工業","90000","4267900","46.35","47.80","46.35","47.60","1.5000","73"
"4571","鈞興-KY","19000","1501700","78.50","79.50","78.30","79.10","0.4000","15"
"4572","駐龍","1246000","165926000","129.50","136.00","128.00","134.00","8.0000","987"
"4576","大銀微系統","249000","23831100","95.80","97.00","93.50","95.10","0.5000","147"
"4581","光隆精密-KY","11000","339500","31.60","31.60","30.25","30.25","-0.6000","10"
"4583","台灣精銳","79000","17854500","224.50","228.00","223.00","226.50","5.0000","73"
"4720","德淵","287000","4110150","14.35","14.40","14.15","14.30","0.0000","62"
"4722","國精化","251000","9781250","38.60","39.15","38.60","39.05","0.4500","148"
"4737","華廣","93000","6955400","74.50","75.00","74.00","74.90","1.1000","67"
"4739","康普","2816000","362394000","126.00","131.00","126.00","130.00","6.5000","1862"
"4746","台耀","1106000","56784000","50.90","52.30","50.10","51.50","1.1000","684"
"4755","三福化","3173000","551163000","172.00","176.50","170.50","174.00","6.0000","2251"
"4763","材料-KY","341000","38591000","113.50","115.00","111.50","112.50","1.0000","241"
"4764","雙鍵","40000","2262500","56.90","57.70","55.40","56.30","-0.4000","37"
"4766","南寶","57000","7545500","131.50","133.00","131.50","132.00","0.0000","51"
"4770","上品","254000","69055500","266.50","274.50","266.50","273.00","9.5000","224"
"4807","日成-KY","17000","416000","24.50","24.50","24.35","24.45","0.4500","10"
"4904","遠傳","4409000","370743100","84.40","84.70","83.50","84.00","-0.7000","2321"
"4906","正文","4214000","130123850","31.15","31.20","30.65","30.95","0.3500","1967"
"4912","聯德控股-KY","200000","21833000","107.50","111.00","107.00","109.50","4.5000","137"
"4915","致伸","4277000","251047500","58.00","59.30","57.40","59.00","1.9000","2430"
"4916","事欣科","214000","4827450","22.30","22.75","22.20","22.70","0.5500","143"
"4919","新唐","18348000","2713428000","144.00","153.50","142.50","147.50","7.5000","11578"
"4927","泰鼎-KY","1328000","98671300","73.50","74.90","73.30","74.00","1.7000","912"
"4930","燦星網","100000","2498300","24.60","25.30","24.60","25.00","0.8000","82"
"4934","太極","6387000","205364400","31.00","33.10","30.20","33.10","3.0000","3354"
"4935","茂林-KY","89000","5529400","61.00","62.50","61.00","62.20","1.9000","78"
"4938","和碩","6255000","430198800","69.00","69.20","68.50","68.70","0.2000","2060"
"4942","嘉彰","154000","6305850","40.70","41.10","40.70","40.90","0.2000","86"
"4943","康控-KY","307000","5882850","18.75","19.40","18.75","19.20","0.6000","197"
"4952","凌通","1118000","72824600","64.00","66.10","64.00","65.40","2.0000","756"
"4956","光鋐","133000","2323850","17.15","17.60","17.15","17.60","0.6500","95"
"4958","臻鼎-KY","4303000","449218500","103.50","105.50","102.50","104.00","2.0000","2233"
"4960","誠美材","2425000","25485650","10.40","10.60","10.35","10.55","0.3000","595"
"4961","天鈺","2203000","321320500","144.00","148.00","143.50","146.00","6.0000","1636"
"4967","十銓","410000","11806050","28.20","29.15","28.20","29.10","1.3500","251"
"4968","立積","1146000","206759500","177.50","183.00","176.00","182.00","9.5000","920"
"4976","佳凌","834000","36907850","43.00","45.20","43.00","44.20","1.5000","532"
"4977","眾達-KY","77000","6131800","78.90","80.30","78.60","80.10","2.4000","64"
"4989","榮科","219000","6317000","28.50","29.15","28.35","28.50","0.3000","144"
"4994","傳奇","94000","4298300","44.95","46.00","44.95","45.90","1.0500","75"
"4999","鑫禾","40000","1438700","35.70","36.20","35.70","36.20","0.5500","24"
"5007","三星","125000","7316000","58.30","59.00","57.90","58.10","0.0000","85"
"5203","訊連","217000","19662000","93.50","93.50","88.90","89.20","-1.3000","183"
"5215","科嘉-KY","70000","3631800","51.50","52.20","51.50","52.10","1.1000","51"
"5222","全訊","362000","50073500","137.00","141.00","135.00","138.50","5.5000","292"
"5225","東科-KY","137000","3010850","22.00","22.10","21.70","21.90","0.2000","40"
"5234","達興材料","159000","14495000","90.60","92.00","90.60","90.70","1.6000","137"
"5243","乙盛-KY","4112000","273529200","66.50","67.40","65.00","66.80","1.3000","2665"
"5244","弘凱","39000","1271850","32.15","32.85","32.15","32.80","0.0500","34"
"5258","虹堡","16418000","922729600","53.70","58.90","53.40","58.70","4.5000","9540"
"5269","祥碩","1043000","1282280000","1220.00","1265.00","1195.00","1205.00","5.0000","936"
"5283","禾聯碩","117000","12090000","101.50","105.00","100.50","104.00","3.5000","64"
"5284","jpp-KY","40000","1782800","44.50","45.15","44.15","44.55","0.1000","33"
"5285","界霖","990000","93494400","92.10","95.20","92.10","94.50","3.2000","724"
"5288","豐祥-KY","264000","46312500","179.00","179.00","173.00","174.00","1.0000","216"
"5306","桂盟","149000","25886000","172.50","176.00","172.50","173.50","1.0000","122"
"5388","中磊","8072000","669774500","85.10","85.10","81.20","83.80","0.2000","5369"
"5434","崇越","1012000","146884500","146.00","146.50","143.00","145.00","-0.5000","651"
"5469","瀚宇博","394000","13277650","33.80","33.80","33.55","33.65","0.6500","289"
"5471","松翰","380000","26771300","69.50","70.90","69.50","70.90","2.2000","318"
"5484","慧友","24000","323300","13.65","13.65","13.30","13.30","0.1000","18"
"5515","建國","219000","3081800","14.05","14.10","14.00","14.10","0.1500","86"
"5519","隆大","203000","4510950","22.25","22.40","22.10","22.10","-0.1000","136"
"5521","工信","595000","4266980","7.19","7.23","7.14","7.18","0.0500","208"
"5522","遠雄","499000","31601800","63.20","64.20","62.50","62.60","-0.9000","347"
"5525","順天","87000","2054450","22.90","23.85","22.90","23.60","0.7500","58"
"5531","鄉林","1165000","11717740","9.81","10.20","9.81","10.10","0.3500","456"
"5533","皇鼎","812000","14570800","18.15","18.30","17.70","17.95","-0.1500","249"
"5534","長虹","184000","13547100","73.40","74.10","73.20","73.70","0.4000","154"
"5538","東明-KY","17000","828650","48.95","48.95","48.45","48.45","0.8000","14"
"5546","永固-KY","20000","1102900","56.00","56.00","54.60","55.00","0.0000","15"
"5607","遠雄港","566000","27502500","47.40","49.20","47.40","48.90","1.9500","376"
"5608","四維航","11681000","401500950","33.20","35.00","33.20","34.65","2.3500","6230"
"5706","鳳凰","2461000","158413100","63.90","65.50","63.00","65.20","2.6000","1595"
"5871","中租-KY","3986000","838294000","206.00","214.00","204.50","212.50","7.5000","2506"
"5871A","中租-KY甲特","148000","14724500","99.50","99.50","99.40","99.50","0.0000","75"
"5876","上海商銀","5356000","291899700","54.10","54.80","53.90","54.30","0.4000","1912"
"5880","合庫金","9235000","252582100","27.40","27.50","27.15","27.15","-0.2000","2965"
"5906","台南-KY","14000","439850","31.30","31.75","31.20","31.50","0.2000","14"
"5907","大洋-KY","61000","970050","15.90","15.95","15.85","15.90","0.1000","35"
"6005","群益證","2729000","39417650","14.40","14.50","14.30","14.50","0.2000","1188"
"6024","群益期","121000","4509800","36.95","37.40","36.95","37.20","0.4500","101"
"6108","競國","64000","1182150","18.45","18.55","18.40","18.50","0.2000","47"
"6112","聚碩","450000","16760500","37.60","37.60","36.65","37.10","0.9500","262"
"6115","鎰勝","135000","5818300","43.10","43.15","43.05","43.10","0.1500","105"
"6116","彩晶","11419000","121705050","10.50","10.80","10.40","10.65","0.3500","3670"
"6117","迎廣","25000","381000","15.25","15.40","15.10","15.25","0.1000","14"
"6120","達運","2214000","22558650","10.15","10.30","10.10","10.25","0.2500","706"
"6128","上福","407000","12510450","30.85","31.50","30.60","30.75","0.0000","91"
"6133","金橋","22310000","265821150","11.75","12.15","11.45","11.75","0.2000","4565"
"6136","富爾特","70000","1312900","18.80","18.80","18.70","18.80","0.2000","49"
"6139","亞翔","449000","13910550","31.10","31.25","30.70","30.70","0.0500","250"
"6141","柏承","32000","749000","23.50","23.50","23.30","23.35","0.1000","29"
"6142","友勁","170000","1495930","8.76","8.87","8.75","8.85","0.1500","67"
"6152","百一","203000","1924020","9.31","9.60","9.31","9.50","0.0500","92"
"6153","嘉聯益","1211000","28007050","22.85","23.25","22.85","23.15","0.4500","538"
"6155","鈞寶","95000","2158700","22.50","22.80","22.50","22.80","0.6000","66"
"6164","華興","1187000","14827000","12.60","12.60","12.40","12.60","0.2000","531"
"6165","浪凡","81000","2057500","25.20","25.50","25.20","25.35","0.5000","64"
"6166","凌華","103000","5832300","56.50","57.00","56.40","56.70","0.2000","78"
"6168","宏齊","264000","5604300","21.00","21.35","21.00","21.30","0.6000","157"
"6176","瑞儀","2870000","252378000","87.60","88.50","87.10","87.10","0.4000","1910"
"6177","達麗","274000","8281050","30.25","30.35","30.00","30.10","0.1500","165"
"6183","關貿","93000","5572900","59.50","60.40","58.90","59.90","1.1000","87"
"6184","大豐電","82000","4063200","49.20","49.70","49.20","49.60","0.6000","54"
"6189","豐藝","246000","10392650","42.10","42.35","42.10","42.30","0.3000","174"
"6191","精成科","1193000","36608450","30.50","30.80","30.50","30.65","0.4500","616"
"6192","巨路","104000","7314000","69.40","70.90","69.40","70.50","0.8000","69"
"6196","帆宣","388000","45138000","115.00","117.50","114.50","116.50","2.5000","325"
"6197","佳必琪","300000","11269800","37.95","37.95","37.35","37.65","0.2500","189"
"6201","亞弘電","26000","1096700","43.00","43.00","41.95","42.55","0.6000","23"
"6202","盛群","589000","54462900","92.00","93.10","91.70","92.30","1.5000","492"
"6205","詮欣","970000","69988300","71.90","72.80","71.30","72.20","2.0000","407"
"6206","飛捷","816000","67279100","82.50","83.50","81.30","82.60","1.5000","568"
"6209","今國光","328000","9719450","29.60","29.85","29.45","29.50","0.4000","224"
"6213","聯茂","1346000","113490900","83.50","85.00","83.20","84.50","2.3000","961"
"6214","精誠","180000","13172600","72.80","73.50","72.70","72.70","0.1000","147"
"6215","和椿","447000","10838400","23.90","24.40","23.90","24.40","0.6500","265"
"6216","居易","1017000","32625350","32.10","32.45","31.80","31.80","0.2500","668"
"6224","聚鼎","213000","15354500","70.20","73.00","70.20","72.50","2.7000","161"
"6225","天瀚","36000","341770","9.68","9.68","9.40","9.41","-0.3300","20"
"6226","光鼎","2215000","26705850","12.10","12.20","11.95","12.10","0.2500","995"
"6230","尼得科超眾","37000","4133000","112.00","113.50","109.50","111.50","2.5000","35"
"6235","華孚","67995000","3128355050","43.80","47.50","43.45","47.50","4.3000","30641"
"6239","力成","1762000","167689400","95.00","95.50","94.70","95.30","1.5000","1360"
"6243","迅杰","220000","8847450","40.00","40.75","39.60","40.55","1.7500","167"
"6251","定穎","2820000","69059000","24.50","24.65","24.35","24.50","0.3500","1256"
"6257","矽格","2963000","166215100","55.60","56.60","55.30","56.10","1.1000","1548"
"6269","台郡","661000","59592300","90.10","90.70","89.60","90.30","1.1000","488"
"6271","同欣電","1996000","436174500","216.00","221.50","213.50","218.00","7.0000","1285"
"6277","宏正","35000","2743600","78.20","78.50","78.10","78.20","-0.1000","31"
"6278","台表科","1721000","173492000","100.00","102.00","100.00","101.50","2.4000","923"
"6281","全國電","76000","6666900","87.40","88.50","87.00","87.60","0.6000","54"
"6282","康舒","4967000","148358800","30.15","30.20","29.65","29.80","0.0000","2444"
"6283","淳安","267000","8622500","31.60","32.55","31.50","32.40","1.6500","187"
"6285","啟碁","2472000","173387800","70.50","71.10","69.30","70.30","0.4000","1591"
"6288","聯嘉","284000","6688100","23.40","23.70","23.40","23.40","0.3000","173"
"6289","華上","64000","172060","2.55","2.78","2.55","2.78","0.1300","12"
"6405","悅城","65000","1423050","21.90","22.20","21.75","21.85","0.2500","43"
"6409","旭隼","115000","174545000","1490.00","1530.00","1490.00","1515.00","30.0000","110"
"6412","群電","261000","19170200","73.60","74.10","72.70","73.30","0.2000","190"
"6414","樺漢","1000000","211318000","206.00","214.50","206.00","212.00","9.0000","767"
"6415","矽力-KY","725000","1835740000","2465.00","2570.00","2465.00","2525.00","95.0000","682"
"6416","瑞祺電通","65000","5390200","81.20","83.50","81.20","82.80","1.8000","60"
"6426","統新","21000","1304600","60.80","62.80","60.80","62.40","1.8000","20"
"6431","光麗-KY","25000","669550","26.00","27.45","26.00","27.20","0.4500","17"
"6438","迅得","452000","40643600","87.40","91.70","87.40","90.30","3.8000","347"
"6442","光聖","11000","447650","41.10","41.10","40.55","40.80","0.2500","8"
"6443","元晶","35781000","1236400900","34.45","35.25","34.00","34.65","0.7500","17520"
"6449","鈺邦","13000","649850","50.10","50.10","49.90","50.00","0.3500","13"
"6451","訊芯-KY","203000","16225200","78.40","80.80","78.40","79.60","2.2000","146"
"6456","GIS-KY","541000","42966400","78.90","79.90","78.50","79.90","2.1000","428"
"6464","台數科","41000","3673400","89.10","90.00","89.10","89.40","1.4000","40"
"6477","安集","18054000","929729500","50.50","52.80","50.10","52.80","4.8000","9867"
"6491","晶碩","316000","136917500","427.50","439.00","425.00","439.00","11.5000","296"
"6504","南六","41000","3613700","88.10","88.40","87.50","88.40","0.5000","35"
"6505","台塑化","4186000","403366700","96.00","97.40","95.00","95.20","0.2000","2058"
"6515","穎崴","578000","228684500","385.00","401.00","385.00","396.00","20.0000","508"
"6525","捷敏-KY","319000","26113300","82.00","82.30","80.60","81.90","2.0000","242"
"6531","愛普*","3885000","902672500","226.00","237.50","225.50","232.50","11.5000","2983"
"6533","晶心科","1164000","320239000","274.00","279.50","269.00","277.00","11.5000","1043"
"6541","泰福-KY","3044000","210951000","70.30","70.70","68.20","69.10","-0.9000","1980"
"6550","北極星藥業-KY","2393000","263280000","110.00","113.00","107.00","109.50","1.0000","1537"
"6552","易華電","66000","2804350","42.05","42.75","42.05","42.60","0.8500","50"
"6558","興能高","79000","1781000","22.50","22.70","22.35","22.60","0.5500","62"
"6573","虹揚-KY","284000","4738900","15.80","16.80","15.80","16.80","1.5000","118"
"6579","研揚","55000","4359100","77.60","80.00","77.60","79.50","2.1000","51"
"6581","鋼聯","133000","11476300","85.40","86.70","85.40","86.30","1.2000","102"
"6582","申豐","92000","8587700","91.90","93.70","91.90","93.60","2.3000","78"
"6585","鼎基","124000","9726200","77.20","79.40","77.20","78.50","1.7000","105"
"6591","動力-KY","191000","11182300","57.90","58.90","57.90","58.80","1.9000","167"
"6592","和潤企業","350000","36423500","104.50","105.00","103.00","103.50","0.0000","259"
"6598","ABC-KY","685000","23000250","33.20","34.60","32.65","33.95","0.7500","458"
"6605","帝寶","3633000","275477200","76.00","77.50","74.50","75.70","0.9000","2403"
"6625","必應","4000","114150","28.60","28.60","28.35","28.60","0.3000","4"
"6641","基士德-KY","11000","681000","62.00","62.10","61.70","61.80","0.1000","7"
"6655","科定","29000","3965500","134.00","138.00","133.00","138.00","3.0000","26"
"6666","羅麗芬-KY","43000","2456400","58.40","58.40","56.70","57.60","0.9000","41"
"6668","中揚光","196000","8650200","44.00","44.65","43.30","44.25","1.5500","155"
"6669","緯穎","741000","577296000","768.00","793.00","765.00","765.00","13.0000","651"
"6670","復盛應用","148000","29504000","197.50","201.50","197.50","198.50","1.0000","127"
"6671","三能-KY","17000","794700","46.80","47.30","46.60","47.30","0.3000","11"
"6672","騰輝電子-KY","299000","22549100","74.70","76.10","74.00","75.90","3.3000","244"
"6674","鋐寶科技","23000","644750","28.10","28.15","27.90","28.05","-0.0500","17"
"6691","洋基工程","51000","8976500","176.00","177.50","175.50","177.50","2.0000","46"
"6698","旭暉應材","51000","1744400","34.20","34.35","34.05","34.20","0.7000","42"
"6706","惠特","514000","69998500","135.50","137.00","134.50","136.00","3.5000","393"
"6715","嘉基","1942000","280804500","145.00","148.00","140.50","143.00","-2.0000","1507"
"6719","力智","1850000","877488500","455.00","488.50","455.00","484.50","39.5000","1644"
"6743","安普新","189000","7631550","39.40","40.80","39.40","40.50","1.1000","123"
"6754","匯僑設計","46000","2077700","45.05","45.50","44.45","45.50","0.5500","38"
"6756","威鋒電子","1854000","535073000","284.00","294.00","284.00","285.00","7.5000","1603"
"6768","志強-KY","259000","19537100","75.10","76.00","74.20","75.10","1.7000","192"
"6770","力積電","17602000","778582700","43.90","44.80","43.55","44.25","1.2500","7877"
"6776","展碁國際","47000","1990050","42.25","42.65","42.05","42.55","0.3000","33"
"6781","AES-KY","944000","995545000","1020.00","1085.00","1005.00","1050.00","55.0000","854"
"6790","永豐實","179000","7599100","42.00","42.75","42.00","42.20","0.3000","120"
"6792","詠業","164000","15526800","94.70","95.90","93.60","94.60","-0.5000","121"
"6796","晉弘","262000","14411900","54.70","57.00","53.60","54.00","0.0000","205"
"6799","來頡","237000","38038000","156.50","163.50","156.50","158.50","3.5000","215"
"6806","森崴能源","2195000","210589700","96.70","97.80","94.50","95.80","0.2000","1565"
"6807","峰源-KY","28000","847300","30.10","30.50","30.05","30.50","0.4000","26"
"8011","台通","570000","8750050","15.20","15.55","15.10","15.30","0.3000","254"
"8016","矽創","965000","204281000","211.50","213.50","209.50","211.00","4.0000","730"
"8021","尖點","167000","5295950","31.50","31.90","31.45","31.65","0.6000","125"
"8028","昇陽半導體","18830000","1283056200","64.30","69.90","64.30","69.90","6.3000","10518"
"8033","雷虎","3521000","59826200","16.35","17.35","16.30","17.35","1.5000","1387"
"8039","台虹","162000","7327900","44.65","45.45","44.65","45.20","0.5500","103"
"8046","南電","6706000","2061329500","293.50","312.50","293.50","312.50","28.0000","3998"
"8070","長華*","1067000","36995500","34.75","34.85","34.30","34.75","1.0000","580"
"8072","陞泰","32000","775750","24.70","24.70","24.05","24.25","0.2500","28"
"8081","致新","784000","139684000","175.50","180.00","175.50","178.00","5.0000","520"
"8101","華冠","110000","263280","2.40","2.40","2.38","2.38","-0.0100","34"
"8103","瀚荃","252000","9721500","38.60","38.90","38.30","38.35","0.2000","184"
"8104","錸寶","1082000","45383550","40.90","42.65","40.90","42.00","2.0000","851"
"8105","凌巨","909000","9597350","10.50","10.65","10.50","10.55","0.2500","293"
"8110","華東","916000","12113100","13.10","13.30","13.05","13.25","0.4000","460"
"8112","至上","1818000","79985950","43.55","44.30","43.50","44.30","1.2000","1070"
"8112A","至上甲特","20000","819050","40.95","41.00","40.95","41.00","0.0500","16"
"8114","振樺電","1405000","165929000","116.50","119.50","116.00","118.50","5.0000","979"
"8131","福懋科","232000","9416300","40.50","40.85","40.45","40.70","0.4500","129"
"8150","南茂","4039000","186284500","46.10","46.30","45.95","46.15","0.5500","1742"
"8163","達方","645000","27458600","42.55","42.80","42.35","42.50","0.5000","407"
"8201","無敵","149000","1718450","11.60","11.60","11.40","11.60","0.2500","91"
"8210","勤誠","191000","12456400","64.20","65.70","64.20","65.30","1.2000","131"
"8213","志超","2132000","87000800","41.05","41.10","40.65","40.65","0.0000","1172"
"8215","明基材","1585000","52658500","32.95","33.40","32.85","33.35","0.8500","907"
"8222","寶一","2035000","42375350","20.80","21.15","20.15","20.90","0.3000","1105"
"8249","菱光","50000","1133500","22.55","22.75","22.55","22.55","0.0000","39"
"8261","富鼎","11576000","1403449500","120.00","123.50","118.00","122.00","2.0000","7197"
"8271","宇瞻","191000","7563650","39.50","39.90","39.15","39.65","0.9000","124"
"8341","日友","55000","11133500","201.00","203.00","200.50","203.00","3.5000","53"
"8367","建新國際","158000","6080200","36.60","39.00","36.60","38.80","2.6000","119"
"8374","羅昇","115000","3519300","30.45","30.85","30.25","30.45","0.2000","57"
"8404","百和興業-KY","254000","9249800","36.15","36.75","36.00","36.15","0.0500","149"
"8411","福貞-KY","58000","956550","16.50","16.55","16.40","16.55","0.1500","31"
"8422","可寧衛","154000","27007000","175.50","176.50","174.50","174.50","1.0000","133"
"8429","金麗-KY","202000","2059750","10.25","10.25","10.15","10.15","0.1800","100"
"8438","昶昕","17000","594150","34.45","35.15","34.45","35.00","0.5500","17"
"8442","威宏-KY","54000","3136900","58.30","58.40","57.50","58.10","0.7000","42"
"8443","阿瘦","23000","261300","11.35","11.40","11.25","11.35","0.0500","17"
"8454","富邦媒","400000","330011000","820.00","831.00","812.00","826.00","24.0000","372"
"8462","柏文","105000","14033000","133.00","135.00","132.00","133.50","2.0000","90"
"8463","潤泰材","178000","3874600","21.15","22.15","21.15","21.80","1.0000","129"
"8464","億豐","599000","194190000","327.50","327.50","321.00","324.00","0.0000","438"
"8466","美吉吉-KY","47000","2272900","48.20","49.45","48.10","48.10","-0.3500","32"
"8467","波力-KY","343000","21598600","63.90","64.50","60.70","63.80","1.3000","255"
"8473","山林水","75000","2290400","30.45","30.65","30.35","30.45","0.2500","51"
"8478","東哥遊艇","11878000","2401698500","202.50","207.00","196.00","197.50","-1.0000","8539"
"8480","泰昇-KY","1000","68600","68.60","68.60","68.60","68.60","-0.8000","1"
"8481","政伸","48000","3256700","68.10","68.10","67.50","67.90","0.0000","41"
"8482","商億-KY","130000","9746600","75.30","75.30","74.50","74.60","-0.4000","25"
"8488","吉源-KY","9000","151050","16.80","16.90","16.70","16.85","0.0500","8"
"8499","鼎炫-KY","33000","3931000","120.50","120.50","118.50","118.50","-1.0000","31"
"8926","台汽電","1615000","60598350","37.60","38.15","37.15","37.40","-0.5000","794"
"8940","新天地","722000","12237600","16.50","17.40","16.50","17.35","0.9000","380"
"8996","高力","2427000","168548300","71.40","71.80","68.00","68.30","-0.5000","1564"
"9103","美德醫療-DR","1017000","8278210","8.00","8.25","8.00","8.21","0.2400","439"
"910322","康師傅-DR","17000","424350","24.60","25.20","24.60","25.05","0.6000","14"
"9105","泰金寶-DR","2710000","10501840","3.86","3.89","3.85","3.89","0.0600","553"
"910861","神州-DR","54000","406380","7.42","7.76","7.42","7.49","-0.0600","22"
"9110","越南控-DR","231000","713760","3.11","3.12","3.06","3.12","0.0500","51"
"911608","明輝-DR","88000","251510","2.88","2.88","2.83","2.88","0.0100","42"
"911622","泰聚亨-DR","44000","244020","5.56","5.60","5.51","5.51","0.0000","21"
"911868","同方友友-DR","244000","275360","1.13","1.14","1.12","1.13","0.0000","45"
"912000","晨訊科-DR","460000","1040740","2.30","2.32","2.24","2.28","-0.0200","85"
"9136","巨騰-DR","894000","5572890","6.32","6.32","6.15","6.26","0.0000","165"
"9802","鈺齊-KY","2268000","407112000","176.50","182.00","176.00","180.00","4.5000","1313"
"9902","台火","38000","435000","11.35","11.55","11.35","11.50","0.1000","28"
"9904","寶成","5415000","168810800","30.90","31.35","30.90","31.20","0.4000","2076"
"9905","大華","71000","1849800","25.95","26.15","25.95","26.05","0.2000","57"
"9906","欣巴巴","65000","3511100","54.00","55.00","53.30","55.00","1.7000","51"
"9907","統一實","2576000","40578300","15.60","15.80","15.60","15.80","0.3000","902"
"9908","大台北","173000","5874500","33.90","34.10","33.60","33.80","-0.0500","115"
"9910","豐泰","718000","146039500","201.00","204.50","200.50","203.00","3.0000","533"
"9911","櫻花","167000","10244500","61.40","61.80","61.00","61.20","0.0000","149"
"9912","偉聯","45000","401850","9.05","9.05","8.90","9.00","0.0500","26"
"9914","美利達","1079000","301073000","280.00","282.00","275.00","276.50","2.0000","880"
"9917","中保科","231000","24196500","105.00","106.00","103.50","103.50","-1.5000","192"
"9918","欣天然","40000","1844450","45.45","47.00","45.40","46.25","1.2500","37"
"9919","康那香","1524000","28855950","18.80","19.15","18.60","18.85","0.2500","510"
"9921","巨大","1617000","421561000","257.00","263.50","257.00","260.00","5.0000","1213"
"9924","福興","124000","4843700","38.95","39.25","38.90","39.25","0.3000","85"
"9925","新保","147000","5896000","40.05","40.20","40.00","40.10","0.1500","107"
"9926","新海","49000","2632600","52.40","54.00","52.40","53.60","1.6000","47"
"9927","泰銘","255000","10848300","42.15","42.90","42.15","42.40","0.4000","168"
"9928","中視","1000","16400","16.40","16.40","16.40","16.40","0.2000","1"
"9929","秋雨","46000","384130","8.39","8.43","8.30","8.40","0.0200","21"
"9930","中聯資源","57000","2732150","48.10","48.15","47.60","47.90","0.1000","51"
"9931","欣高","14000","577300","41.00","41.45","41.00","41.15","0.1500","14"
"9933","中鼎","2933000","136921150","47.00","47.20","46.45","46.65","0.1000","1581"
"9934","成霖","124000","1505300","12.15","12.20","12.10","12.20","0.1500","70"
"9935","慶豐富","105000","1878200","17.85","17.95","17.80","17.90","0.2000","71"
"9937","全國","654000","32403350","49.85","49.85","49.45","49.85","0.3500","78"
"9938","百和","796000","56687100","72.00","72.00","70.20","71.70","1.2000","498"
"9939","宏全","962000","75356900","78.70","78.90","77.60","78.20","-0.3000","668"
"9940","信義","268000","8503000","31.75","31.95","31.40","31.55","-0.2000","184"
"9941","裕融","691000","149783000","219.00","219.00","215.50","216.00","0.0000","451"
"9941A","裕融甲特","8000","416100","52.00","52.10","52.00","52.10","0.0000","6"
"9942","茂順","58000","4890500","84.40","85.00","84.00","84.30","0.4000","44"
"9943","好樂迪","112000","6216000","55.60","55.80","55.10","55.50","0.5000","96"
"9944","新麗","91000","1766200","19.40","19.50","19.40","19.50","0.0000","42"
"9945","潤泰新","4136000","311445100","75.80","75.80","74.60","75.50","1.0000","2261"
"9946","三發地產","125000","1648750","13.10","13.30","13.05","13.15","0.2000","75"
"9955","佳龍","800000","16919500","20.80","21.45","20.75","21.10","1.0000","534"
"9958","世紀鋼","3276000","351367500","107.00","108.50","106.00","108.00","0.5000","1994"
